window_size_s,horizon_seconds,n_paired_sessions,mean_delta_cc_processed,sd_delta_cc_processed,median_delta_cc_processed,iqr_delta_cc_processed,fraction_positive_delta_cc_processed,mean_delta_cc_raw,sd_delta_cc_raw,median_delta_cc_raw,iqr_delta_cc_raw,fraction_positive_delta_cc_raw,mean_representation_difference_cc,sd_representation_difference_cc,median_representation_difference_cc,iqr_representation_difference_cc,direction_agreement_cc,mean_delta_nrmse_processed,sd_delta_nrmse_processed,median_delta_nrmse_processed,iqr_delta_nrmse_processed,fraction_positive_delta_nrmse_processed,mean_delta_nrmse_raw,sd_delta_nrmse_raw,median_delta_nrmse_raw,iqr_delta_nrmse_raw,fraction_positive_delta_nrmse_raw,mean_representation_difference_nrmse,sd_representation_difference_nrmse,median_representation_difference_nrmse,iqr_representation_difference_nrmse,direction_agreement_nrmse
60,0.04,20,-0.005184996659490593,0.007129647290253149,-0.005804791239580109,0.009533903762433932,0.25,-0.00027109250768099226,0.010294935652188223,-0.0005683069786210915,0.012981295298141793,0.45,0.004913904151809601,0.00919373918365678,0.0051344595277748595,0.010091009707243692,0.7,0.019322658707115713,0.02534821004573592,0.022733803344108558,0.03790223861311158,0.75,0.00046715559521678663,0.028752284583250624,0.0007210225827584682,0.03961564860308266,0.55,-0.018855503111898923,0.026142375224952743,-0.014521754553250166,0.031410587901866245,0.7
60,0.08,20,-0.008499226716691172,0.012807012261155031,-0.010127086696717413,0.015562726668770482,0.25,0.0020186342115837918,0.02231425366108386,-0.0002696397736215994,0.027225590403838984,0.5,0.010517860928274964,0.018604286640394613,0.011496820651909712,0.019991115617716992,0.65,0.02258003121227843,0.03248884226773821,0.027016106402025702,0.04374475305455666,0.75,-0.005013178374551963,0.041717656793337374,-0.0014311278069699673,0.056486441629274145,0.45,-0.02759320958683039,0.034346456186381075,-0.02421952989685605,0.0315422575172981,0.6
60,0.12,20,-0.008026998502621879,0.012522688434273756,-0.010380949782147597,0.015903389603464435,0.25,0.0019409238668370687,0.027229663934406765,-0.0016612713966766557,0.025622807080973836,0.45,0.009967922369458948,0.02077718278977898,0.010348104995456742,0.017790770167883357,0.7,0.02174111169755826,0.031503811696473025,0.025603105134221066,0.04381518943892666,0.75,-0.004182045070026843,0.04523858366614697,0.0024821638079844943,0.042112964199412045,0.55,-0.025923156767585102,0.030932771206742843,-0.029448433125724455,0.0348211182474059,0.8
60,0.16,20,-0.0080116269481389,0.013362325051880015,-0.009660687545249402,0.013828946738196707,0.25,0.003317298679406544,0.025783644652973586,-0.000272842658432082,0.026439009446370898,0.5,0.011328925627545445,0.01902873989330928,0.011157419567031368,0.02828021189810251,0.65,0.02062751969521259,0.0320285148627576,0.023449383044613137,0.03327793104159532,0.75,-0.006174039341302395,0.04253788000717338,-0.004670671880631139,0.041081829998648095,0.45,-0.026801559036514988,0.029032751721829862,-0.021446182992156476,0.04046737314203887,0.7
60,0.2,20,-0.008545798412547795,0.014445352138097696,-0.010220289791316617,0.016670109520234205,0.25,0.003665076180870486,0.028060150095716684,0.00267191974465647,0.040919902367446775,0.5,0.01221087459341828,0.023789419754252132,0.01140855769370458,0.04404386280469219,0.65,0.020966976103078218,0.03321519879045311,0.020808737092776614,0.03917544373683286,0.75,-0.0062243031846491185,0.046515813241089554,-0.0015879951650863144,0.07165740922476586,0.5,-0.027191279287727337,0.038896232131270234,-0.02828972752063158,0.06599691652041177,0.65
60,0.28,20,-0.009186568355566338,0.015619869512079422,-0.014157597706237257,0.0198017816929347,0.3,0.003974213789062819,0.03131393932426162,-0.00245291591719915,0.04615604461483025,0.45,0.013160782144629157,0.023282545472918924,0.016871890344224483,0.03538461636714793,0.75,0.02158434864071315,0.03431815088492203,0.0324364123755618,0.04404105084853084,0.75,-0.00575629253685353,0.04962782105612548,0.002334217527728999,0.06808722595151244,0.5,-0.027340641177566672,0.034818760451283154,-0.021638431159189675,0.041810250228572446,0.75
60,0.4,20,-0.011154432557694438,0.01836827092336718,-0.013353623719021435,0.022952862865471935,0.3,0.006064059113735221,0.030972854284728176,0.000812885311002598,0.03809819822403318,0.5,0.017218491671429657,0.026323095146445923,0.014019529824825072,0.04477703431448868,0.6,0.02311093923475526,0.03528803378079476,0.02868908676095111,0.04690722514960244,0.75,-0.008961198070052906,0.048078152041081984,-0.0032823333385363918,0.06132562579172307,0.5,-0.032072137304808165,0.03945650942436954,-0.030513537278769404,0.0688643467421209,0.65
60,0.6,20,-0.014008049796059708,0.025046418750312112,-0.02094455779790666,0.026169172846636585,0.25,0.007762393435154507,0.03191865470490002,-0.0015236739127739152,0.034722445886746556,0.5,0.021770443231214215,0.02434974118159234,0.015972763791090194,0.03625436780435068,0.65,0.024722962889040127,0.04160922690926607,0.03451253494488224,0.04755713756156507,0.8,-0.010914103857609849,0.04763442952838135,-0.007033481175633904,0.058830493702149794,0.5,-0.03563706674664997,0.03464931404225852,-0.029472757665361587,0.05186636134736572,0.7
60,0.8,20,-0.01990117354157997,0.03293591334313278,-0.0212982283784085,0.040874267160358635,0.25,-0.003237671684229565,0.038200770149215454,-0.011277870541729018,0.036433454626733336,0.4,0.016663501857350403,0.028782741805937068,0.010471465215654396,0.05173209005144552,0.75,0.027386810768813045,0.04509664756499815,0.02850272584006447,0.056070305282459626,0.75,0.00390491155049974,0.04913025914699146,0.010468568495451913,0.05106434513148997,0.6,-0.02348189921831331,0.03400029198301506,-0.021402062817687695,0.05382552910014313,0.75
60,1.0,20,-0.021073524179079976,0.03934699843479051,-0.02762815679454439,0.04810852497957091,0.25,0.004369498113602416,0.04971012376870881,0.0019257231217382764,0.07690266760300618,0.55,0.025443022292682395,0.03548044547512542,0.021274658395384505,0.05681586299757027,0.7,0.026067485308229006,0.045505831117326256,0.0324299737807322,0.052154829149415494,0.75,-0.0039596681000237,0.05338541811564599,-0.009873514502754754,0.07173739555486236,0.45,-0.030027153408252703,0.03625386674868259,-0.03700560546363163,0.05384902711985812,0.7
60,1.2,20,-0.024327603845438105,0.04245903757109006,-0.029509615470175055,0.05296045278658748,0.25,0.0054604335668018925,0.05223881288070693,0.009698861488227128,0.08150806475278297,0.55,0.02978803741224,0.039313438308274676,0.02369690973196542,0.06211941816370048,0.7,0.026814010227023503,0.04517163384310793,0.03111481811049499,0.052379557704390095,0.75,-0.004947385845017399,0.05434218791986483,-0.019194321805018955,0.07534293105685863,0.45,-0.031761396072040905,0.03808789950518188,-0.036036284037997635,0.05733807265141738,0.7
60,1.6,20,-0.03879424708078057,0.05906517007284673,-0.04783710015456666,0.0817937357067933,0.25,-0.002461654943656172,0.06611752923274244,-0.005232638304251247,0.09312726398376392,0.5,0.0363325921371244,0.052612957763888024,0.028611169677646264,0.08205353212754543,0.65,0.03216931731366143,0.04889969938024744,0.037033959786705484,0.05766092733549205,0.8,0.0020105415454417354,0.05921024510411289,-0.0044150082052911155,0.0749831360434487,0.5,-0.0301587757682197,0.04158736182322197,-0.028231165259110846,0.06044906583873158,0.6
60,2.0,20,-0.04651361099077399,0.06943781520906377,-0.05224602823249036,0.08639434749768152,0.2,0.003675460031143421,0.07365398361596513,0.003984103976938158,0.09868876092203294,0.6,0.05018907102191741,0.05260669436035206,0.04164631407493016,0.07504230458273982,0.6,0.03212127853567211,0.0484667937533738,0.03318172244174139,0.05613647285706094,0.85,-0.0020368729443678234,0.059549167687643394,-0.012064698518001904,0.07602934284696314,0.4,-0.03415815148003993,0.0374385633283462,-0.0362031579280227,0.04259001368324705,0.55
60,2.4,20,-0.054084899779532014,0.0814104393245805,-0.05499820846195322,0.10455133407668597,0.2,-0.0028846759527701104,0.08413724228992334,-0.004905816351147951,0.09426565670987395,0.45,0.051200223826761905,0.061199151601218284,0.03504639874061752,0.08078724471509112,0.55,0.03208349078989931,0.049313078344367996,0.03490264147118394,0.05739156135476178,0.85,0.0026955952345066037,0.06103001850363572,-0.0027748947662906143,0.07850277447515819,0.45,-0.029387895555392708,0.03808768457200543,-0.031943740162082734,0.04221004177256904,0.6
60,2.8,20,-0.054993690356523774,0.0859805821472618,-0.05211401847526961,0.10911996877259764,0.2,0.0025231359990003253,0.08398805781023515,0.00238428450799838,0.09099264144450832,0.5,0.05751682635552411,0.06073972889786977,0.050430544357914414,0.07156265021186398,0.6,0.029047752397823645,0.046331185209501045,0.03247930564192647,0.05487767187522888,0.75,-0.0003870774300210822,0.05737431720549762,-0.006729814122444,0.06463037739050442,0.45,-0.029434829827844726,0.035722772370252495,-0.03633932710764659,0.04796930439799005,0.5
60,3.2,20,-0.05203120660297887,0.08553511110178583,-0.0395995372827771,0.10030800116163974,0.2,-0.0010297529043369364,0.09036043940479445,0.0005901744316313406,0.0972820340685852,0.5,0.05100145369864193,0.06362988785080609,0.049375450893649114,0.06561497240643652,0.6,0.025491451818382714,0.041862431246391475,0.029106095774754315,0.04450272970949809,0.8,0.0012403158879903341,0.05777764807277129,-0.00019592237078813746,0.06897112855926232,0.5,-0.02425113593039238,0.036675750996298724,-0.027293329763500684,0.041395866055889075,0.5
60,3.6,20,-0.04605642116960593,0.07904675552866315,-0.03176695813354197,0.08111058721442102,0.2,0.005759745638482886,0.08580109549055291,0.0045613881616339,0.07432244995241089,0.5,0.0518161668080888,0.055176338411359376,0.047344297123612364,0.04612083020529076,0.6,0.020965201292078645,0.03580398869153844,0.023200336275631894,0.03177096630634818,0.8,-0.0024456862820266987,0.05407645188208458,-0.00045216113172957817,0.04224481131229668,0.5,-0.023410887574105345,0.03324420355810698,-0.025017358173765547,0.0361648322724237,0.5
60,4.0,20,-0.042139829340174295,0.07443155093194839,-0.037483592904935345,0.07333539250007792,0.2,0.0065404925449854216,0.08855390400876142,-0.0011245154398654977,0.07813234595500834,0.45,0.04868032188515971,0.057569526597426056,0.049906205786485386,0.06457341066230969,0.65,0.0183390691495915,0.032257900480490306,0.020013267698203496,0.03254650775449863,0.85,-0.002887021795683592,0.05282581669021038,-4.352415835956469e-05,0.04796383737795473,0.5,-0.02122609094527509,0.03324719702920607,-0.020796652516917535,0.038341917483144305,0.55
120,0.04,20,-0.005598305341147575,0.006440870383882486,-0.005311170733400927,0.008095890436395192,0.15,0.002062275279327103,0.00961324711967799,0.0006711600529732964,0.01116200251286098,0.6,0.007660580620474677,0.009694489721403248,0.007702293897055845,0.011551857621029643,0.55,0.02190063237789934,0.024814364764998754,0.020725947504148093,0.03225708672931999,0.8,-0.007068602139171884,0.032034339722929864,-0.00419578128914011,0.03400795316980196,0.4,-0.028969234517071223,0.032574146143154716,-0.026480114688626488,0.0343686693312202,0.6
120,0.08,20,-0.009851533883237267,0.011916707233469936,-0.009248938270570883,0.014337643039399328,0.2,0.006159559828265537,0.021617833998628027,0.003365896062553664,0.02268933222866415,0.65,0.016011093711502805,0.019618649807305016,0.013704793267356186,0.01836649704614976,0.55,0.027007343115442263,0.0321965998761,0.025473783651831616,0.04040622282407384,0.8,-0.014701055445179767,0.04853450055518073,-0.007134020958036474,0.04374935302129028,0.35,-0.04170839856062203,0.043569934484685977,-0.045318206013346546,0.041609185553674544,0.55
120,0.12,20,-0.009359793113997544,0.011483299954213093,-0.01117314442011852,0.012968005971533275,0.2,0.006677741423371281,0.025963702481078633,0.005143667493363757,0.0240859990320261,0.55,0.016037534537368826,0.02197707404157696,0.016012694756834644,0.022651445331806352,0.65,0.025963943360737467,0.030285092952453168,0.028126934520884772,0.03547645620781173,0.8,-0.014286633564192403,0.05104191760245649,-0.00866258709396861,0.042483705785881926,0.4,-0.04025057692492988,0.04170723535651369,-0.04240803341352298,0.04079872832195857,0.6
120,0.16,20,-0.008981781798896898,0.012400851047686536,-0.011735150557718954,0.013343533991489215,0.2,0.008710830705441486,0.024435868094071812,0.009086298900405743,0.0296275103282507,0.55,0.017692612504338383,0.02073205295337542,0.015764245549389155,0.02977959560375018,0.55,0.02372967153399913,0.03145741091135302,0.0308459582578767,0.0366821184111034,0.8,-0.01707214663670894,0.04686222414541972,-0.013316712382865775,0.04936247924836422,0.4,-0.04080181817070807,0.039586534328223795,-0.03276710457139331,0.05678693405919015,0.6
120,0.2,20,-0.00959641784575988,0.013592254992670232,-0.011754190103543893,0.014315727679344026,0.2,0.009519794404604204,0.026787862273285487,0.007569662080784301,0.039924807139920304,0.5,0.019116212250364084,0.025315482381983657,0.018538510765287952,0.043596721101599956,0.6,0.02417719649430622,0.03329681879294479,0.028663730712829044,0.03788288542922706,0.8,-0.017889074373051147,0.050812398387993576,-0.017182587809563304,0.073899709595849,0.45,-0.04206627086735737,0.0492980827156297,-0.044371329398513695,0.0879476100546216,0.55
120,0.28,20,-0.010067223081733329,0.01475029581205965,-0.012511133377122452,0.014995098095546916,0.25,0.009056803605855469,0.030688285411641935,0.003392163443576124,0.041465858500198294,0.5,0.019124026687588797,0.025474691888685223,0.019304312257544864,0.03220674620561245,0.75,0.024413206928285473,0.03390500927958344,0.028568324632433528,0.034305646070759185,0.75,-0.01625812871575773,0.05652174993476093,-0.008862799559112067,0.07193385705951251,0.45,-0.040671335644043204,0.046343447677494265,-0.04506634897179773,0.047141290733474936,0.7
120,0.4,20,-0.01171182607363,0.018299840503740915,-0.013363455275221314,0.013844835351707191,0.25,0.012296658266918687,0.030387306024117725,0.012561719676434657,0.046906589614945315,0.55,0.024008484340548687,0.029593320303579924,0.0207340125039861,0.058185724514223186,0.6,0.024890917097662793,0.036795915669899086,0.029137779066914088,0.03633106074441515,0.75,-0.02062381510822108,0.0531131752011906,-0.02242933057304211,0.08355302603171122,0.45,-0.045514732205883875,0.052336048271401175,-0.03423830492939722,0.08579771170577592,0.6
120,0.6,20,-0.014107500726297972,0.023920417533973528,-0.017853263322503865,0.01751634931860116,0.2,0.01458695074846732,0.030724412527900948,0.013330381771884448,0.04329291363236018,0.6,0.028694451474765292,0.028866281019789303,0.023793673747348976,0.045388012029485836,0.6,0.025685687498967758,0.04143161403616511,0.03375285167493164,0.03424993682287093,0.8,-0.023082188195759416,0.05237819289304589,-0.022352605238049827,0.0711261978033208,0.35,-0.04876787569472718,0.04950299850580668,-0.03562851855931451,0.07258758193065214,0.55
120,0.8,20,-0.020004607127434924,0.0337463568047183,-0.0204966987722226,0.037732962526628666,0.2,0.007441193954191977,0.03578438078834021,0.009463560546496164,0.05035499330931281,0.55,0.027445801081626902,0.03598998391452805,0.018336015473999656,0.053445200199658704,0.65,0.027648703978679162,0.04768295994450749,0.03294270956137463,0.05824417180122962,0.8,-0.010941559415342136,0.05246021032780464,-0.007404957332589723,0.07036331244899863,0.4,-0.038590263394021294,0.051490154299619284,-0.031596350669533035,0.07058073767790403,0.6
120,1.0,20,-0.02166852161680361,0.03852309336964813,-0.02937934245527668,0.04655399115836928,0.25,0.01586711606627762,0.0490479055899736,0.027521388141176606,0.07386933938263654,0.6,0.03753563768308123,0.04492006050168763,0.037322956494317716,0.06699846888921757,0.65,0.02747938776150293,0.0464961444137577,0.03412334520308946,0.0557476635897966,0.8,-0.01834837137118721,0.06048393718281418,-0.024099293422053414,0.08284565202068311,0.4,-0.045827759132690146,0.05664303718515778,-0.04799370657670826,0.0774830198593928,0.6
120,1.2,20,-0.024229194805651992,0.04217138367618785,-0.032472255420692264,0.05122452675754427,0.2,0.017224634551105112,0.052024622218352745,0.03264485826280017,0.08096752321408829,0.6,0.04145382935675711,0.047917867263170814,0.036586213130220646,0.07928725506177797,0.6,0.027505601055002427,0.04577077334524463,0.03731692111963436,0.05497269251114956,0.8,-0.018506216072346086,0.06161925975262547,-0.025772394400161325,0.08962538834139097,0.4,-0.04601181712734852,0.05801499185463502,-0.03715496573299071,0.08717530275008259,0.6
120,1.6,20,-0.03902858303270004,0.058053645058617716,-0.05127480816012159,0.06863424236554042,0.2,0.01631720783843398,0.06678715539935988,0.028573395308736205,0.10083550588675491,0.6,0.05534579087113402,0.06719136205805212,0.05114027461223891,0.10272226263979131,0.6,0.033188398457601444,0.047493757957076665,0.04801916099188508,0.056513844002640506,0.8,-0.01487152900551727,0.06816284434519147,-0.018435028979836787,0.08802345997797278,0.4,-0.048059927463118705,0.0657090534806169,-0.04848172360848596,0.09150730144266639,0.6
120,2.0,20,-0.046112144791978504,0.06842684373477224,-0.055285234360938795,0.08639459727309509,0.2,0.02406352554923998,0.07764066290869862,0.04718187308611477,0.11912097076734374,0.6,0.0701756703412185,0.0723484726378425,0.06454404148707837,0.10359576465218433,0.6,0.03214067223207491,0.04641428238818206,0.04172726155785211,0.05754926641849373,0.8,-0.017616905007470318,0.07075028725048986,-0.034943895034342976,0.08908833990829385,0.45,-0.04975757723954522,0.06433589656138693,-0.055991226738673405,0.08615929714065321,0.55
120,2.4,20,-0.054064789290437155,0.08039254716010039,-0.06923665289353578,0.09858290319536903,0.2,0.02008223322581957,0.08784607191296233,0.03837371960114033,0.1252732221217871,0.6,0.07414702251625671,0.0830085120080295,0.06334967823828672,0.11056971216462752,0.6,0.03238786905100534,0.04606856793772161,0.04221345939472293,0.04907906613360685,0.8,-0.01258362285139047,0.07219722616707347,-0.029669956619337468,0.09698971753109253,0.45,-0.044971491902395806,0.06564413994503715,-0.04633194530146939,0.08601923629690039,0.55
120,2.8,20,-0.05572924935057662,0.08482759791820094,-0.0714740818514529,0.09039270800723885,0.2,0.025937292470296115,0.09515382722511434,0.04132812060411839,0.14459460674902358,0.6,0.08166654182087274,0.08578425848021033,0.07890284647030615,0.09968822351798659,0.6,0.029133030114501336,0.04240840085373275,0.0391869622050004,0.04374012884534756,0.8,-0.013548341185081598,0.07229668563681234,-0.023470410216198223,0.09452937711399578,0.45,-0.04268137129958293,0.06482887677702988,-0.0452178200204576,0.07547832753788597,0.55
120,3.2,20,-0.051495762331659735,0.09035515214697301,-0.05471709399217686,0.09334620158716833,0.25,0.025938545696183247,0.10359247846964877,0.03830383935134998,0.15084340361274912,0.6,0.07743430802784299,0.09399102014343481,0.08303022618857779,0.10082882020295215,0.65,0.02443086776850415,0.03991791807389133,0.026117848600811844,0.040812409224833285,0.8,-0.01198196748967642,0.07377527415654297,-0.026134563141446354,0.09790539089130351,0.4,-0.03641283525818057,0.06789090338219653,-0.04215959686821541,0.07997971535298329,0.5
120,3.6,20,-0.044826169683285524,0.08799211278532922,-0.0436093258400668,0.09010377497632027,0.2,0.032958514975028,0.107002881150025,0.039804758649161914,0.13679328051811213,0.6,0.07778468465831354,0.09292320099220347,0.08733005401151021,0.09739671915490922,0.6,0.01951150688836024,0.0356329799706929,0.02257359211326343,0.03424582351258626,0.8,-0.014663938219741041,0.07229610983706374,-0.027068344506513797,0.07679662139850402,0.45,-0.034175445108101284,0.06752655230200945,-0.03427671489352413,0.07420990854525547,0.55
120,4.0,20,-0.04111819756271294,0.08309443623663422,-0.04690603476661501,0.08191639490125971,0.2,0.0326228346615929,0.11325866294727127,0.028507684526841548,0.1438324631726599,0.6,0.07374103222430584,0.10001723840406693,0.08708668611333217,0.11896225014525237,0.6,0.017114810831183574,0.030510375459306165,0.01791387375417175,0.030109608629489026,0.85,-0.013000964955213662,0.07293374834236062,-0.018260456484873455,0.07649524495927248,0.4,-0.030115775786397236,0.07001124976274434,-0.0323477588909899,0.07898221754413115,0.45
180,0.04,20,-0.0052028727028258556,0.006038936356982111,-0.004758784219431544,0.009984275052605657,0.2,0.0019091651865274118,0.010724822912120232,0.0028734205384447487,0.014037240108060539,0.6,0.007112037889353268,0.01095392917152572,0.005480087912409282,0.01430885026453968,0.5,0.021627743030293987,0.025013925590621537,0.021038421214286326,0.040893351425042725,0.8,-0.007901393328113794,0.03882505424420443,-0.011560932849058764,0.047985177040509565,0.4,-0.02952913635840778,0.0397957780130133,-0.019807773465526257,0.04920754595813128,0.5
180,0.08,20,-0.00882762701758379,0.011723403317592637,-0.008340714986737996,0.0168898198727101,0.25,0.004954688311135491,0.024194788160269057,0.0022107765111970545,0.03117562197212667,0.55,0.01378231532871928,0.02184386611357853,0.014151481758393203,0.025958933412087493,0.6,0.025656093482457943,0.03351123732320756,0.02420664015402335,0.04763326133930358,0.75,-0.013928052221552273,0.05751104842961468,-0.007878061040176881,0.06913616228477266,0.45,-0.03958414570401022,0.05197478547466561,-0.039347860388418976,0.06746683545788723,0.6
180,0.12,20,-0.008405908153818831,0.012086224699336007,-0.009833000092481115,0.016244830066646537,0.25,0.005523440879925373,0.029495715335811773,0.0038354915650888888,0.03613584678875645,0.55,0.013929349033744204,0.024968938889828617,0.014010822517896981,0.02973505548293917,0.6,0.02457560603523517,0.03284335488575862,0.027426325854175093,0.045452368603764684,0.75,-0.014066955334627217,0.061448911209834166,-0.0076010597830232784,0.08361798183292742,0.45,-0.038642561369862376,0.051458193708290266,-0.03772899617475256,0.06367566799240662,0.6
180,0.16,20,-0.008509192045520707,0.01294481002159323,-0.010379355909825527,0.014813598323652144,0.25,0.0071987129516387915,0.02922461317917927,-0.0028003615331345655,0.04063373386460756,0.45,0.0157079049971595,0.02561734749821454,0.008544472852827889,0.035764135298298416,0.7,0.02346702315540148,0.03379757989924333,0.02748752725141415,0.03933526123797859,0.75,-0.016477961049349052,0.05972314459046935,0.002286801023511642,0.08244727195608095,0.5,-0.03994498420475053,0.053213435336963606,-0.024485799138773634,0.060473739893476486,0.65
180,0.2,20,-0.008906541383091392,0.013548715652907372,-0.009395671241889392,0.017948344785325726,0.25,0.007877474710389293,0.03039004443948113,-0.00694087357201828,0.048868642642054455,0.45,0.016784016093480687,0.027716757251965724,0.0062876609331276034,0.04406439991678793,0.7,0.023609389699676086,0.03443520394142583,0.025079213691695273,0.04280696310377784,0.75,-0.01703752533994072,0.06181496979269008,0.0102928855492527,0.10346112511662219,0.55,-0.0406469150396168,0.057999226594515986,-0.0254923541579343,0.07519025569613012,0.7
180,0.28,20,-0.009262465007228738,0.0148872137188081,-0.012250714414095587,0.015146053599483927,0.25,0.00814456448912258,0.03333380486921388,0.0036802114257754592,0.0463687257387409,0.55,0.01740702949635132,0.027580844050644766,0.01818992460923885,0.037355881999105806,0.7,0.023762548947807948,0.03586938888290347,0.02891566367807122,0.039202292800060004,0.75,-0.01698576744040422,0.06592420885952144,-0.004899162883355901,0.0931139610906496,0.4,-0.04074831638821217,0.05487917791783382,-0.03268425816515125,0.07364220527960418,0.65
180,0.4,20,-0.0112560987722355,0.018023357816840904,-0.013847017581868348,0.01821160458278162,0.2,0.010761392880484565,0.034023742615610045,-0.003106487585201434,0.05217583465795908,0.5,0.022017491652720066,0.03189166229136669,0.018314603958122788,0.05619988706984902,0.7,0.025218291257555224,0.03763291729243597,0.03144836972380827,0.03867516442644141,0.75,-0.02085919083398606,0.06461832044340188,0.005392401291901938,0.10260458746497221,0.5,-0.04607748209154129,0.06138803484565904,-0.03512427639781432,0.08948455078572627,0.65
180,0.6,20,-0.013795021720327654,0.02366761248851183,-0.01577298438951913,0.024436150417544628,0.2,0.013502985281612234,0.03535116871068554,0.003683954252976629,0.050929543839951075,0.5,0.02729800700193989,0.032635365848034295,0.02571503115054169,0.04621607581222292,0.7,0.026127694888306314,0.041594037404913575,0.029560422479905785,0.04863008431941458,0.8,-0.024247650183714407,0.06475396257041569,-0.005789187713423349,0.09982058582361394,0.5,-0.05037534507202072,0.05989138084824843,-0.044923439447848726,0.08086397184849699,0.7
180,0.8,20,-0.01946386078661371,0.03273823280001549,-0.02045587410854588,0.04156704357815763,0.2,0.008009712228746652,0.043357648372967114,-0.0022501569620844153,0.054926915603699666,0.5,0.027473573015360363,0.04375296033740138,0.016642423079380575,0.05026687175555419,0.7,0.028785747728249267,0.0471009463760341,0.032267865654532435,0.06056234042830108,0.8,-0.013119783455467406,0.06676839199017287,0.0016638292195266247,0.09867135635275232,0.5,-0.04190553118371667,0.06585611026594082,-0.024867306098620534,0.07962938642537151,0.7
180,1.0,20,-0.022123412050529707,0.038343718977879054,-0.030936245847978383,0.04961469364087362,0.25,0.014121189987134408,0.057991396934944234,-0.0020212585550026807,0.08620509714103733,0.5,0.036244602037664116,0.055419020095586066,0.02630321004891495,0.0782671531197919,0.65,0.02918972341626066,0.04803996193958387,0.04335693390543166,0.05355040806900227,0.75,-0.01902125343862454,0.07626595768569266,-0.0028469892008646247,0.11634395953036597,0.5,-0.04821097685488519,0.0739455229498705,-0.03143384791980022,0.09269019615154284,0.65
180,1.2,20,-0.022958029299689625,0.042944430914671594,-0.033335812395748676,0.05646362307034708,0.25,0.017031054192301796,0.061464664547770186,0.004912212158781626,0.09554189321767673,0.55,0.03998908349199142,0.05810346813135919,0.030606192805171295,0.07698169102074454,0.6,0.027508117212963423,0.04795559031781641,0.03791098900546691,0.05703054609357505,0.75,-0.020905288818771094,0.0777481129856229,-0.003059399365413995,0.12546240646734413,0.5,-0.048413406031734524,0.07389755268388766,-0.03385557348582069,0.09044748769128261,0.65
180,1.6,20,-0.03913235454574607,0.06342696283892886,-0.05492473243606261,0.07840979228727027,0.25,0.015388016809866251,0.0794585544522438,0.0012659033501177253,0.12486618925223847,0.5,0.054520371355612315,0.08172202509119335,0.042726363803179235,0.09503990941685422,0.65,0.0343511900740918,0.05357436040452571,0.04955463802926624,0.05890135904025051,0.75,-0.016088499730001076,0.08579418081986318,-0.006705590988045351,0.12918322585366715,0.45,-0.05043968980409288,0.08350804200599521,-0.02057858783624439,0.10088672461520817,0.6
180,2.0,20,-0.04703145857610709,0.07716836591609742,-0.06422202064839072,0.09612855068340243,0.25,0.019922569306938843,0.09185718976792957,0.008300577181616142,0.14847012056713293,0.65,0.06695402788304593,0.09065792998805526,0.056561209143517144,0.10680024777913338,0.6,0.03375999007108936,0.05349900069243102,0.04804703440046787,0.06013780879787009,0.75,-0.017317107224229467,0.08788474491856187,-0.018045361266930404,0.1343186452863502,0.4,-0.05107709729531883,0.08188090314120916,-0.02409654417258561,0.10245090771771598,0.65
180,2.4,20,-0.05752575493566662,0.09118873773224355,-0.08988003838852354,0.10683112371678925,0.25,0.014962759786014204,0.10715979417900942,0.0024945138694348334,0.17164547555308227,0.55,0.07248851472168083,0.10875976227618254,0.04674569080193111,0.12008295241445512,0.6,0.034941490516540136,0.05314511939612753,0.05201770208531792,0.06201006760138403,0.75,-0.01080344344130369,0.09224058746784713,-0.007247766290858604,0.1322741057075306,0.5,-0.04574493395784383,0.08607168464224083,-0.01842336589230653,0.122420482411836,0.65
180,2.8,20,-0.06101828587366727,0.09814906412507089,-0.09091962224506009,0.12504387243623868,0.25,0.01882925886359502,0.11634747833527984,0.01679139822053488,0.176392894456591,0.6,0.07984754473726229,0.11837825405066116,0.06339833849162477,0.13706396298754356,0.55,0.03187114810220815,0.04913914663940835,0.04444823798475356,0.05664527519192605,0.75,-0.011029457444137303,0.09192721885565017,-0.0035667069372148363,0.12828102693706672,0.45,-0.04290060554634545,0.08587122522117362,-0.019957704538266396,0.12206115465063025,0.5
180,3.2,20,-0.05589211820255546,0.10078842960403461,-0.07966345865568686,0.13674487768521532,0.35,0.017492993548706943,0.12823300761756956,0.015240491358989944,0.18610953500072458,0.6,0.07338511175126242,0.12740875995158735,0.05560485518024058,0.15336866578350322,0.55,0.026512855871646996,0.043684109338537724,0.034835549490402296,0.054894580233518814,0.7,-0.007689106948319846,0.0953692083655666,0.00446066169802406,0.12646331230441432,0.55,-0.03420196281996684,0.08812612006723695,-0.014938690363557994,0.12847771253262383,0.55
180,3.6,20,-0.05312704491411411,0.09906715141056148,-0.07247977846375873,0.13676220885022344,0.35,0.02342683308183016,0.13231396347273497,0.020073888928440142,0.17459789670782505,0.6,0.07655387799594426,0.1279246751300213,0.07032626083015274,0.15942153451402435,0.55,0.02311097239801783,0.037779625060612394,0.027642682875682834,0.04771120965698272,0.7,-0.010201487223389127,0.09267998445228708,0.003906149446355478,0.1141441063586511,0.5,-0.033312459621406956,0.08459119959569167,-0.016403629778808437,0.1183546223221493,0.5
180,4.0,20,-0.04204853784158885,0.09241860740270957,-0.05892001347015898,0.131711121767436,0.35,0.02060276086350187,0.14287561767319226,0.006289239645598466,0.17123981361503884,0.5,0.0626512987050907,0.13908112767810052,0.058488504481965235,0.1546372461851435,0.55,0.017727032056158092,0.0318917255939675,0.020004742449321156,0.0385699429228101,0.7,-0.006499099241663697,0.09577179295942022,0.012437657017987158,0.13713005598487996,0.55,-0.02422613129782179,0.08979458608109324,-0.013642435766359373,0.13166041302056417,0.55
