schema_version,analysis_id,session_id,session,source_file,representation,window_uid,window_size_s,window_id,source_row_index,state,label_code,start_time_s,end_time_s,sampling_rate_hz,n_samples,stationarity_score_processed,stationarity_pass_processed,symbolic_n_levels,symbolic_word_length,peak_min_distance_s,peak_prominence_fraction,ppi_min_s,ppi_max_s,abrupt_change_threshold,min_peak_coverage_pct,prominence_threshold,min_required_intervals,n_peaks,peak_coverage_pct,n_intervals,n_words,mean_hr_bpm,median_hr_bpm,mean_ppi_ms,median_ppi_ms,sd_ppi_ms,min_ppi_ms,max_ppi_ms,ppi_cv,n_invalid_ppi,invalid_ppi_pct,n_abrupt_gt_20pct,abrupt_gt_20pct,ppi_qc_pass,pct_0v,pct_1v,pct_2lv,pct_2uv,pct_2v,symbolic_invariants_pass,symbolic_valid,analysis_included,failure_stage,invalid_reason
1.0.0,symbolic_processed_v1,6,session_06,sample_6.csv,processed,session_06__processed__60s__w001,60,1,0,Awake,0,60.23081779,120.4404473,24.9931268901808,1500,0.04020645056521549,True,6,3,0.3,0.2,0.3,2.0,0.2,90.0,489.0806713256932,28,76,98.62711499970175,75,73,76.26789913386955,74.97938067054241,789.016919997614,800.2199999975801,42.912059021233596,680.1869999979431,880.2419999973381,0.05438674118846953,0,0.0,0,0.0,True,5.47945205479452,43.83561643835616,15.068493150684931,35.61643835616438,50.68493150684931,True,True,True,,
1.0.0,symbolic_processed_v1,6,session_06,sample_6.csv,processed,session_06__processed__60s__w002,60,2,1,Awake,0,120.4798162,180.7007971,24.9931268901808,1500,0.05631988024541098,True,6,3,0.3,0.2,0.3,2.0,0.2,90.0,478.35123871506295,28,72,98.42705999970235,71,69,72.58762344665506,71.40893397194515,831.7779718284705,840.2309999974591,66.92233584280979,720.1979999978221,1000.2749999969751,0.08045697062125434,0,0.0,0,0.0,True,18.840579710144926,47.82608695652174,8.695652173913043,24.63768115942029,33.33333333333333,True,True,True,,
1.0.0,symbolic_processed_v1,6,session_06,sample_6.csv,processed,session_06__processed__60s__w003,60,3,2,Awake,0,180.7398248,240.9507017,24.9931268901808,1500,0.031666273808019424,True,6,3,0.3,0.2,0.3,2.0,0.2,90.0,490.46981927378147,28,74,98.96053999970074,73,71,74.1443084962979,74.97938067054241,813.3743013674033,800.2199999975801,57.77199642006454,680.1869999979431,920.2529999972171,0.07102756544304537,0,0.0,0,0.0,True,11.267605633802816,39.436619718309856,19.718309859154928,29.577464788732392,49.29577464788732,True,True,True,,
1.0.0,symbolic_processed_v1,6,session_06,sample_6.csv,processed,session_06__processed__60s__w004,60,4,3,Awake,0,240.9898775,301.1998849,24.9931268901808,1500,0.10121997768967202,True,6,3,0.3,0.2,0.3,2.0,0.2,90.0,454.2286690932166,28,71,98.36037499970256,70,68,71.44957531620523,71.40893397194515,843.088928568879,840.2309999974591,52.906090131816256,720.1979999978221,960.2639999970961,0.06275268045759173,0,0.0,0,0.0,True,14.705882352941178,41.1764705882353,10.294117647058824,33.82352941176471,44.117647058823536,True,True,True,,
1.0.0,symbolic_processed_v1,6,session_06,sample_6.csv,processed,session_06__processed__60s__w005,60,5,4,Awake,0,361.4902358,421.7102056,24.9931268901808,1500,0.030089353329510737,True,6,3,0.3,0.2,0.3,2.0,0.2,90.0,509.54158484004694,28,69,98.42705999970235,68,66,69.46335064306093,68.16307333685673,868.4740588209031,880.2419999973381,64.50054724864208,720.1979999978221,1040.2859999968541,0.07426882425965863,0,0.0,0,0.0,True,9.09090909090909,37.878787878787875,19.696969696969695,33.333333333333336,53.03030303030303,True,True,True,,
1.0.0,symbolic_processed_v1,6,session_06,sample_6.csv,processed,session_06__processed__60s__w006,60,6,5,Awake,0,421.7506111,481.9600155,24.9931268901808,1500,0.06862872453022868,True,6,3,0.3,0.2,0.3,2.0,0.2,90.0,527.0928057721743,28,69,97.96026499970375,68,66,70.1117642230185,68.16307333685673,864.3552794091509,880.2419999973381,84.70416834416929,640.1759999980641,1000.2749999969751,0.0979969352441171,0,0.0,1,1.492537313432836,True,18.18181818181818,46.96969696969697,12.121212121212121,22.727272727272727,34.848484848484844,True,True,True,,
1.0.0,symbolic_processed_v1,6,session_06,sample_6.csv,processed,session_06__processed__60s__w007,60,7,6,Awake,0,482.0001915,542.2105441,24.9931268901808,1500,0.04502152551604437,True,6,3,0.3,0.2,0.3,2.0,0.2,90.0,517.1514452333719,28,71,98.76048499970133,70,68,71.28490898981623,71.40893397194515,846.5184428545829,840.2309999974591,63.76911998328899,720.1979999978221,960.2639999970961,0.07533104626551346,0,0.0,0,0.0,True,8.823529411764707,38.23529411764706,11.764705882352942,41.1764705882353,52.94117647058824,True,True,True,,
1.0.0,symbolic_processed_v1,6,session_06,sample_6.csv,processed,session_06__processed__60s__w008,60,8,7,Awake,0,542.2506115,602.460784,24.9931268901808,1500,0.06758987331055752,True,6,3,0.3,0.2,0.3,2.0,0.2,90.0,504.93268906523883,28,68,98.22700499970296,67,65,68.7497262029497,68.16307333685673,879.6448208928623,880.2419999973381,76.771006963004,720.1979999978221,1040.2859999968541,0.0872750059337352,0,0.0,1,1.5151515151515151,True,20.0,55.38461538461539,7.6923076923076925,16.923076923076923,24.615384615384617,True,True,True,,
1.0.0,symbolic_processed_v1,6,session_06,sample_6.csv,processed,session_06__processed__60s__w009,60,9,8,Awake,0,602.5005703,662.7203429,24.9931268901808,1500,0.09149209879673093,True,6,3,0.3,0.2,0.3,2.0,0.2,90.0,500.227035088032,28,71,99.22727999969993,70,68,71.08024934314521,71.40893397194515,850.5195428545709,840.2309999974591,75.14319489732274,720.1979999978221,1040.2859999968541,0.08834975695575682,0,0.0,1,1.4492753623188406,True,7.352941176470589,42.64705882352941,20.58823529411765,29.411764705882355,50.0,True,True,True,,
1.0.0,symbolic_processed_v1,6,session_06,sample_6.csv,processed,session_06__processed__60s__w010,60,10,9,Awake,0,662.7604547,722.959924,24.9931268901808,1500,0.06659880507768677,True,6,3,0.3,0.2,0.3,2.0,0.2,90.0,471.00969203495947,28,73,98.22700499970296,72,70,73.75874635318388,71.40893397194515,818.5583749975247,840.2309999974591,63.68477737971051,680.1869999979431,960.2639999970961,0.07780114323539003,0,0.0,0,0.0,True,15.714285714285715,32.85714285714286,20.0,31.42857142857143,51.42857142857143,True,True,True,,
1.0.0,symbolic_processed_v1,6,session_06,sample_6.csv,processed,session_06__processed__60s__w011,60,11,10,Awake,0,723.0005596,783.2101912,24.9931268901808,1500,0.1888473169197434,True,6,3,0.3,0.2,0.3,2.0,0.2,90.0,444.3238751340425,28,79,99.42733499969933,78,76,78.97794282491171,78.92566386372884,764.8256538438409,760.2089999977011,61.50690064842498,600.1649999981851,880.2419999973381,0.08041950520266311,0,0.0,1,1.2987012987012987,True,25.0,48.684210526315795,9.210526315789474,17.10526315789474,26.315789473684212,True,True,True,,
1.0.0,symbolic_processed_v1,6,session_06,sample_6.csv,processed,session_06__processed__60s__w012,60,12,11,Awake,0,783.2507894,843.4608588,24.9931268901808,1500,0.1592376449883129,True,6,3,0.3,0.2,0.3,2.0,0.2,90.0,448.6635388872353,28,78,98.62711499970175,77,75,78.69114221037654,78.92566386372884,768.52297402365,760.2089999977011,67.86916401428392,600.1649999981851,920.2529999972171,0.08831117130949344,0,0.0,1,1.3157894736842106,True,38.666666666666664,32.0,8.0,21.333333333333332,29.333333333333332,True,True,True,,
1.0.0,symbolic_processed_v1,6,session_06,sample_6.csv,processed,session_06__processed__60s__w013,60,13,12,Awake,0,843.5007756,903.7003512,24.9931268901808,1500,0.051797823297452805,True,6,3,0.3,0.2,0.3,2.0,0.2,90.0,454.4696977973082,28,77,98.62711499970175,76,74,77.20967355290716,78.92566386372884,778.6351184186981,760.2089999977011,34.84452878858381,720.1979999978221,840.2309999974591,0.04475077987664916,0,0.0,0,0.0,True,9.45945945945946,50.0,9.45945945945946,31.08108108108108,40.54054054054054,True,True,True,,
1.0.0,symbolic_processed_v1,6,session_06,sample_6.csv,processed,session_06__processed__60s__w014,60,14,13,Drowsy,1,904.3098412,964.5098805,24.9931268901808,1500,0.23369381334017444,True,6,3,0.3,0.2,0.3,2.0,0.2,90.0,423.44632201299993,28,81,98.02694999970358,80,78,82.39456736886639,83.31042296726933,735.2021249977768,720.1979999978221,73.79723610790874,640.1759999980641,920.2529999972171,0.10037679924841336,0,0.0,0,0.0,True,28.205128205128208,43.58974358974359,8.974358974358974,19.230769230769234,28.205128205128208,True,True,True,,
1.0.0,symbolic_processed_v1,6,session_06,sample_6.csv,processed,session_06__processed__60s__w015,60,15,14,Drowsy,1,964.550106,1024.750831,24.9931268901808,1500,0.16035460417280764,True,6,3,0.3,0.2,0.3,2.0,0.2,90.0,404.92497950845177,28,78,97.76020999970436,77,75,78.9358086736159,78.92566386372884,761.7678701275665,760.2089999977011,35.811379315084196,680.1869999979431,840.2309999974591,0.04701088181769491,0,0.0,0,0.0,True,21.333333333333332,40.0,6.666666666666666,32.0,38.666666666666664,True,True,True,,
1.0.0,symbolic_processed_v1,6,session_06,sample_6.csv,processed,session_06__processed__60s__w016,60,16,15,Drowsy,1,1055.440102,1115.640694,24.9931268901808,1500,0.09096843122712335,True,6,3,0.3,0.2,0.3,2.0,0.2,90.0,446.63616331577987,28,77,98.09363499970337,76,74,78.25224214081288,74.97938067054241,774.4234342081844,800.2199999975801,75.83224847183531,600.1649999981851,920.2529999972171,0.09792091138018133,0,0.0,1,1.3333333333333333,True,21.62162162162162,50.0,9.45945945945946,18.91891891891892,28.37837837837838,True,True,True,,
1.0.0,symbolic_processed_v1,6,session_06,sample_6.csv,processed,session_06__processed__60s__w017,60,17,16,Drowsy,1,1115.679914,1175.880144,24.9931268901808,1500,0.35388548720345303,True,6,3,0.3,0.2,0.3,2.0,0.2,90.0,439.590371505587,28,79,99.56070499969891,78,76,78.77351441486462,78.92566386372884,765.8515769207609,760.2089999977011,54.990667589303506,600.1649999981851,880.2419999973381,0.07180329615615995,0,0.0,0,0.0,True,22.368421052631582,50.0,7.894736842105264,19.736842105263158,27.63157894736842,True,True,True,,
1.0.0,symbolic_processed_v1,6,session_06,sample_6.csv,processed,session_06__processed__60s__w018,60,18,17,Drowsy,1,1175.920759,1236.120091,24.9931268901808,1500,0.3139473859270631,True,6,3,0.3,0.2,0.3,2.0,0.2,90.0,411.63309569019214,28,75,97.89357999970396,74,72,76.36126537707656,74.97938067054241,793.7317297273294,800.2199999975801,81.38798761956583,640.1759999980641,1040.2859999968541,0.10253840758958326,0,0.0,2,2.73972602739726,True,19.444444444444443,50.0,6.944444444444445,23.61111111111111,30.555555555555557,True,True,True,,
1.0.0,symbolic_processed_v1,6,session_06,sample_6.csv,processed,session_06__processed__60s__w019,60,19,18,Drowsy,1,1236.160388,1296.370781,24.9931268901808,1500,0.24558142457134643,True,6,3,0.3,0.2,0.3,2.0,0.2,90.0,363.96787503520574,28,79,98.62711499970175,78,76,79.72499064949537,78.92566386372884,758.6701153823211,760.2089999977011,67.7667686443083,640.1759999980641,880.2419999973381,0.08932310271659798,0,0.0,0,0.0,True,9.210526315789474,42.10526315789474,5.2631578947368425,43.42105263157895,48.684210526315795,True,True,True,,
1.0.0,symbolic_processed_v1,6,session_06,sample_6.csv,processed,session_06__processed__60s__w021,60,21,20,Drowsy,1,1356.650759,1416.84987,24.9931268901808,1500,0.2102839933358268,True,6,3,0.3,0.2,0.3,2.0,0.2,90.0,418.83752277280547,28,80,98.82716999970113,79,77,80.48063128439448,78.92566386372884,750.586101263553,760.2089999977011,63.17047852512822,640.1759999980641,960.2639999970961,0.08416153512406593,0,0.0,1,1.2820512820512822,True,32.467532467532465,46.753246753246756,6.4935064935064934,14.285714285714285,20.77922077922078,True,True,True,,
1.0.0,symbolic_processed_v1,6,session_06,sample_6.csv,processed,session_06__processed__60s__w022,60,22,21,Drowsy,1,1416.890479,1477.089852,24.9931268901808,1500,0.09642380022345434,True,6,3,0.3,0.2,0.3,2.0,0.2,90.0,476.48360860073427,28,80,98.42705999970235,79,77,80.65881511881885,78.92566386372884,747.5472911369799,760.2089999977011,53.811869246065136,640.1759999980641,920.2529999972171,0.07198456858056448,0,0.0,1,1.2820512820512822,True,10.38961038961039,42.857142857142854,10.38961038961039,36.36363636363636,46.75324675324675,True,True,True,,
1.0.0,symbolic_processed_v1,6,session_06,sample_6.csv,processed,session_06__processed__60s__w023,60,23,22,Awake,0,1483.589924,1543.800747,24.9931268901808,1500,0.20728672172177665,True,6,3,0.3,0.2,0.3,2.0,0.2,90.0,486.8081691729469,28,82,99.09390999970034,81,79,82.50429476561729,83.31042296726933,734.0289629607432,720.1979999978221,73.54858049465261,640.1759999980641,920.2529999972171,0.10019847200305375,0,0.0,0,0.0,True,41.77215189873418,32.911392405063296,13.924050632911394,11.39240506329114,25.31645569620253,True,True,True,,
1.0.0,symbolic_processed_v1,6,session_06,sample_6.csv,processed,session_06__processed__60s__w024,60,24,23,Awake,0,1543.840025,1604.040723,24.9931268901808,1500,0.09680106244818064,True,6,3,0.3,0.2,0.3,2.0,0.2,90.0,468.4227424770053,28,77,99.22727999969993,76,74,77.16269410606182,78.92566386372884,783.3732631555258,760.2089999977011,68.91907866907704,680.1869999979431,1000.2749999969751,0.08797731797925083,0,0.0,1,1.3333333333333333,True,24.324324324324323,41.89189189189189,8.108108108108109,25.675675675675674,33.78378378378378,True,True,True,,
1.0.0,symbolic_processed_v1,6,session_06,sample_6.csv,processed,session_06__processed__60s__w025,60,25,24,Awake,0,1604.080691,1664.280036,24.9931268901808,1500,0.1513538753082657,True,6,3,0.3,0.2,0.3,2.0,0.2,90.0,536.7570949412266,28,74,98.49374499970214,73,71,74.5708664324973,74.97938067054241,809.5376301345382,800.2199999975801,63.79512038715568,680.1869999979431,960.2639999970961,0.07880439155935652,0,0.0,0,0.0,True,14.08450704225352,43.66197183098591,12.676056338028168,29.577464788732392,42.25352112676056,True,True,True,,
1.0.0,symbolic_processed_v1,6,session_06,sample_6.csv,processed,session_06__processed__60s__w026,60,26,25,Awake,0,1664.320657,1724.520845,24.9931268901808,1500,0.06607249153167094,True,6,3,0.3,0.2,0.3,2.0,0.2,90.0,537.8471137380508,28,74,98.49374499970214,73,71,74.47921339570087,74.97938067054241,809.5376301345382,800.2199999975801,57.1784690658689,680.1869999979431,960.2639999970961,0.07063102064368068,0,0.0,0,0.0,True,11.267605633802816,46.478873239436616,12.676056338028168,29.577464788732392,42.25352112676056,True,True,True,,
1.0.0,symbolic_processed_v1,6,session_06,sample_6.csv,processed,session_06__processed__60s__w027,60,27,26,Awake,0,1724.560096,1784.760075,24.9931268901808,1500,0.05487353061783173,True,6,3,0.3,0.2,0.3,2.0,0.2,90.0,532.3515046270875,28,71,98.42705999970235,70,68,71.49269111192037,71.40893397194515,843.660514283163,840.2309999974591,62.336691053081296,720.1979999978221,1000.2749999969751,0.07388835911805972,0,0.0,0,0.0,True,4.411764705882353,41.1764705882353,25.0,29.411764705882355,54.411764705882355,True,True,True,,
1.0.0,symbolic_processed_v1,6,session_06,sample_6.csv,processed,session_06__processed__60s__w028,60,28,27,Awake,0,1784.799958,1845.000062,24.9931268901808,1500,0.1272069315497361,True,6,3,0.3,0.2,0.3,2.0,0.2,90.0,538.2499401951427,28,78,98.76048499970133,77,75,78.4670405871527,78.92566386372884,769.5622207768936,760.2089999977011,63.560614751360895,680.1869999979431,1000.2749999969751,0.08259321083510929,0,0.0,0,0.0,True,28.0,38.666666666666664,6.666666666666666,26.666666666666664,33.33333333333333,True,True,True,,
1.0.0,symbolic_processed_v1,6,session_06,sample_6.csv,processed,session_06__processed__60s__w029,60,29,28,Awake,0,1845.040706,1905.240785,24.9931268901808,1500,0.1658583433896593,True,6,3,0.3,0.2,0.3,2.0,0.2,90.0,533.3824103585727,28,78,98.49374499970214,77,75,78.53788046341396,78.92566386372884,767.4837272704063,760.2089999977011,51.814376199036175,640.1759999980641,880.2419999973381,0.06751201928843045,0,0.0,0,0.0,True,10.666666666666666,45.33333333333333,12.0,32.0,44.0,True,True,True,,
1.0.0,symbolic_processed_v1,6,session_06,sample_6.csv,processed,session_06__processed__60s__w030,60,30,29,Awake,0,1905.280708,1965.479916,24.9931268901808,1500,0.07326073387937,True,6,3,0.3,0.2,0.3,2.0,0.2,90.0,523.8660369478102,28,74,99.16059499970014,73,71,73.82469601113914,74.97938067054241,815.0185890386313,800.2199999975801,43.98524064180013,720.1979999978221,960.2639999970961,0.05396838947401636,0,0.0,0,0.0,True,14.08450704225352,49.29577464788732,5.633802816901408,30.985915492957744,36.61971830985915,True,True,True,,
1.0.0,symbolic_processed_v1,6,session_06,sample_6.csv,processed,session_06__processed__60s__w031,60,31,30,Awake,0,1965.519893,2025.729875,24.9931268901808,1500,0.16291086873017052,True,6,3,0.3,0.2,0.3,2.0,0.2,90.0,459.91526060300384,28,76,98.76048499970133,75,73,76.23332128311364,74.97938067054241,790.0838799976108,800.2199999975801,48.82340547829509,680.1869999979431,880.2419999973381,0.0617952178424938,0,0.0,0,0.0,True,10.95890410958904,58.90410958904109,5.47945205479452,24.65753424657534,30.136986301369863,True,True,True,,
1.0.0,symbolic_processed_v1,6,session_06,sample_6.csv,processed,session_06__processed__60s__w032,60,32,31,Awake,0,2025.770041,2085.969918,24.9931268901808,1500,0.16310284833514818,True,6,3,0.3,0.2,0.3,2.0,0.2,90.0,443.40753133178316,28,71,97.82689499970417,70,68,71.95973048767405,71.40893397194515,838.5162428546072,840.2309999974591,62.96360499747855,680.1869999979431,1000.2749999969751,0.0750893086854562,0,0.0,2,2.898550724637681,True,35.294117647058826,44.117647058823536,5.882352941176471,14.705882352941178,20.58823529411765,True,True,True,,
1.0.0,symbolic_processed_v1,6,session_06,sample_6.csv,processed,session_06__processed__60s__w034,60,34,33,Awake,0,2146.240692,2206.440683,24.9931268901808,1500,0.2623991169544052,True,6,3,0.3,0.2,0.3,2.0,0.2,90.0,500.6609003686501,28,73,98.89385499970095,72,70,72.96947246034807,71.40893397194515,824.1154583308412,840.2309999974591,39.53463815711659,760.2089999977011,920.2529999972171,0.047972207968516714,0,0.0,0,0.0,True,2.857142857142857,45.714285714285715,8.571428571428571,42.85714285714286,51.42857142857143,True,True,True,,
1.0.0,symbolic_processed_v1,6,session_06,sample_6.csv,processed,session_06__processed__60s__w035,60,35,34,Awake,0,2206.480787,2266.680207,24.9931268901808,1500,0.1697801465667313,True,6,3,0.3,0.2,0.3,2.0,0.2,90.0,517.1733054613944,28,73,98.49374499970214,72,70,73.5036647727745,71.40893397194515,820.7812083308512,840.2309999974591,60.435082754352585,680.1869999979431,960.2639999970961,0.0736311725231307,0,0.0,0,0.0,True,14.285714285714286,54.285714285714285,10.0,21.42857142857143,31.42857142857143,True,True,True,,
1.0.0,symbolic_processed_v1,6,session_06,sample_6.csv,processed,session_06__processed__60s__w036,60,36,35,Awake,0,2266.72069,2326.910598,24.9931268901808,1500,0.3429039227382564,True,6,3,0.3,0.2,0.3,2.0,0.2,90.0,489.77217937597106,28,74,98.29368999970275,73,71,74.57598764509511,74.97938067054241,807.8933424633103,800.2199999975801,51.93624316934495,680.1869999979431,920.2529999972171,0.06428601455111456,0,0.0,0,0.0,True,7.04225352112676,45.070422535211264,15.492957746478872,32.394366197183096,47.88732394366197,True,True,True,,
1.0.0,symbolic_processed_v1,6,session_06,sample_6.csv,processed,session_06__processed__60s__w037,60,37,36,Awake,0,2326.950616,2387.149919,24.9931268901808,1500,0.48762310351424165,True,6,3,0.3,0.2,0.3,2.0,0.2,90.0,474.59745066044525,28,73,99.02722499970054,72,70,72.97526667508038,71.40893397194515,825.2268749975044,840.2309999974591,50.4485993687093,720.1979999978221,920.2529999972171,0.0611330058401962,0,0.0,0,0.0,True,7.142857142857143,50.0,10.0,32.85714285714286,42.85714285714286,True,True,True,,
1.0.0,symbolic_processed_v1,6,session_06,sample_6.csv,processed,session_06__processed__60s__w038,60,38,37,Awake,0,2387.190709,2447.390775,24.9931268901808,1500,0.1311434704649025,True,6,3,0.3,0.2,0.3,2.0,0.2,90.0,452.92447639851,28,72,98.42705999970235,71,69,72.46975121922539,71.40893397194515,831.7779718284705,840.2309999974591,54.49034572953353,640.1759999980641,920.2529999972171,0.06551068623487248,0,0.0,0,0.0,True,10.144927536231885,46.3768115942029,8.695652173913043,34.78260869565217,43.47826086956522,True,True,True,,
1.0.0,symbolic_processed_v1,6,session_06,sample_6.csv,processed,session_06__processed__60s__w039,60,39,38,Awake,0,2447.430679,2507.631039,24.9931268901808,1500,0.29029449792372763,True,6,3,0.3,0.2,0.3,2.0,0.2,90.0,450.9814955479842,28,71,97.89357999970396,70,68,71.91489856296238,71.40893397194515,839.087828568891,840.2309999974591,63.89114638152534,680.1869999979431,960.2639999970961,0.07614357425550444,0,0.0,0,0.0,True,11.764705882352942,51.47058823529412,10.294117647058824,26.47058823529412,36.76470588235294,True,True,True,,
1.0.0,symbolic_processed_v1,6,session_06,sample_6.csv,processed,session_06__processed__60s__w040,60,40,39,Awake,0,2507.670141,2567.870201,24.9931268901808,1500,0.1236598422507899,True,6,3,0.3,0.2,0.3,2.0,0.2,90.0,470.6263380131852,28,72,97.22672999970597,71,69,73.19624785900197,71.40893397194515,821.6343380256843,840.2309999974591,39.91427705420936,720.1979999978221,920.2529999972171,0.04857912480887774,0,0.0,0,0.0,True,7.246376811594203,52.17391304347826,8.695652173913043,31.884057971014492,40.57971014492753,True,True,True,,
1.0.0,symbolic_processed_v1,6,session_06,sample_6.csv,processed,session_06__processed__60s__w041,60,41,40,Awake,0,2567.910781,2628.100875,24.9931268901808,1500,0.04600575103138771,True,6,3,0.3,0.2,0.3,2.0,0.2,90.0,498.5977908931986,28,77,98.22700499970296,76,74,77.66071965843157,74.97938067054241,775.4763552608129,800.2199999975801,47.551792362206804,680.1869999979431,880.2419999973381,0.061319461308673814,0,0.0,0,0.0,True,17.56756756756757,50.0,9.45945945945946,22.972972972972972,32.432432432432435,True,True,True,,
1.0.0,symbolic_processed_v1,6,session_06,sample_6.csv,processed,session_06__processed__60s__w042,60,42,41,Drowsy,1,2635.850181,2696.049832,24.9931268901808,1500,0.21988518466335547,True,6,3,0.3,0.2,0.3,2.0,0.2,90.0,459.905061233756,28,80,98.89385499970095,79,77,80.52950830364416,78.92566386372884,751.0925696179818,760.2089999977011,68.6910878951539,640.1759999980641,960.2639999970961,0.09145488941541696,0,0.0,2,2.5641025641025643,True,23.376623376623378,36.36363636363636,18.18181818181818,22.07792207792208,40.259740259740255,True,True,True,,
1.0.0,symbolic_processed_v1,6,session_06,sample_6.csv,processed,session_06__processed__60s__w043,60,43,42,Drowsy,1,2696.090101,2756.280844,24.9931268901808,1500,0.092684731216446,True,6,3,0.3,0.2,0.3,2.0,0.2,90.0,470.8230507918129,28,79,99.22727999969993,78,76,79.38934500943027,78.92566386372884,763.286769228461,760.2089999977011,78.91514171275847,640.1759999980641,1040.2859999968541,0.10338858852817112,0,0.0,2,2.5974025974025974,True,27.631578947368425,42.10526315789474,1.3157894736842106,28.947368421052634,30.263157894736842,True,True,True,,
1.0.0,symbolic_processed_v1,6,session_06,sample_6.csv,processed,session_06__processed__60s__w044,60,44,43,Drowsy,1,2756.319923,2816.520055,24.9931268901808,1500,0.06466647652822334,True,6,3,0.3,0.2,0.3,2.0,0.2,90.0,489.2923836673943,28,75,98.16031999970316,74,72,75.82610219403325,74.97938067054241,795.8944864840797,800.2199999975801,61.61842324602412,640.1759999980641,1000.2749999969751,0.07742034188253756,0,0.0,1,1.36986301369863,True,31.944444444444443,38.888888888888886,4.166666666666666,25.0,29.166666666666664,True,True,True,,
1.0.0,symbolic_processed_v1,6,session_06,sample_6.csv,processed,session_06__processed__60s__w045,60,45,44,Drowsy,1,2816.560841,2876.750561,24.9931268901808,1500,0.06404883646702134,True,6,3,0.3,0.2,0.3,2.0,0.2,90.0,416.44641947218827,28,76,98.16031999970316,75,73,77.03925013312275,78.92566386372884,785.2825599976253,760.2089999977011,72.88372611908221,640.1759999980641,1000.2749999969751,0.09281210335207574,0,0.0,1,1.3513513513513513,True,20.54794520547945,56.16438356164383,5.47945205479452,17.80821917808219,23.28767123287671,True,True,True,,
1.0.0,symbolic_processed_v1,6,session_06,sample_6.csv,processed,session_06__processed__60s__w046,60,46,45,Drowsy,1,2876.790092,2936.980542,24.9931268901808,1500,0.05350802095145575,True,6,3,0.3,0.2,0.3,2.0,0.2,90.0,488.09029147966277,28,78,97.96026499970375,77,75,78.86936169144724,78.92566386372884,763.326740257432,760.2089999977011,44.386796866312736,640.1759999980641,880.2419999973381,0.05814914442974091,0,0.0,1,1.3157894736842106,True,18.666666666666664,49.33333333333333,2.6666666666666665,29.333333333333332,32.0,True,True,True,,
1.0.0,symbolic_processed_v1,6,session_06,sample_6.csv,processed,session_06__processed__60s__w047,60,47,46,Drowsy,1,2937.03005,2997.219828,24.9931268901808,1500,0.1324591125646479,True,6,3,0.3,0.2,0.3,2.0,0.2,90.0,514.2465009128194,28,76,98.22700499970296,75,73,76.62289873821852,74.97938067054241,785.8160399976236,800.2199999975801,47.26848257072485,680.1869999979431,920.2529999972171,0.060152096883728405,0,0.0,0,0.0,True,9.58904109589041,35.61643835616438,15.068493150684931,39.726027397260275,54.794520547945204,True,True,True,,
1.0.0,symbolic_processed_v1,6,session_06,sample_6.csv,processed,session_06__processed__60s__w048,60,48,47,Drowsy,1,2997.26066,3057.449948,24.9931268901808,1500,0.3077005015231112,True,6,3,0.3,0.2,0.3,2.0,0.2,90.0,444.17828430497775,28,76,98.69379999970154,75,73,76.75739881217737,74.97938067054241,789.5503999976123,800.2199999975801,77.92179788106363,600.1649999981851,960.2639999970961,0.09869135381515767,0,0.0,0,0.0,True,23.28767123287671,46.57534246575342,9.58904109589041,20.54794520547945,30.13698630136986,True,True,True,,
1.0.0,symbolic_processed_v1,6,session_06,sample_6.csv,processed,session_06__processed__60s__w049,60,49,48,Drowsy,1,3057.490602,3117.680601,24.9931268901808,1500,0.04616102469072693,True,6,3,0.3,0.2,0.3,2.0,0.2,90.0,474.19095876411706,28,74,99.29396499969972,73,71,73.77828708560887,74.97938067054241,816.1147808194498,800.2199999975801,48.42806205076417,720.1979999978221,920.2529999972171,0.059339768362163724,0,0.0,0,0.0,True,4.225352112676056,47.88732394366197,9.859154929577464,38.028169014084504,47.88732394366197,True,True,True,,
1.0.0,symbolic_processed_v1,6,session_06,sample_6.csv,processed,session_06__processed__60s__w050,60,50,49,Drowsy,1,3117.7206,3177.910309,24.9931268901808,1500,0.03868917938884204,True,6,3,0.3,0.2,0.3,2.0,0.2,90.0,515.9078129684331,28,71,98.22700499970296,70,68,71.49694040577128,71.40893397194515,841.945757140311,840.2309999974591,47.40811773757029,720.1979999978221,920.2529999972171,0.05630780526597473,0,0.0,0,0.0,True,11.764705882352942,50.0,8.823529411764707,29.411764705882355,38.23529411764706,True,True,True,,
1.0.0,symbolic_processed_v1,6,session_06,sample_6.csv,processed,session_06__processed__120s__w001,120,1,0,Awake,0,120.4404473,240.8706841,24.9931268901808,2999,0.0454443847404527,True,6,3,0.3,0.2,0.3,2.0,0.2,90.0,487.24956083792387,58,146,99.39399249969942,145,143,73.36320495802899,74.97938067054241,822.5709724113057,800.2199999975801,62.71153662574024,680.1869999979431,1000.2749999969751,0.07623845081951534,0,0.0,0,0.0,True,19.58041958041958,47.55244755244755,7.692307692307692,25.174825174825173,32.86713286713287,True,True,True,,
1.0.0,symbolic_processed_v1,6,session_06,sample_6.csv,processed,session_06__processed__120s__w002,120,2,1,Awake,0,361.3698416,481.7999721,24.9931268901808,2999,0.04643781205470113,True,6,3,0.3,0.2,0.3,2.0,0.2,90.0,517.5439107068277,58,138,98.99388249970065,137,135,69.73423816145149,68.16307333685673,867.0997007273048,880.2419999973381,75.18472426620905,640.1759999980641,1040.2859999968541,0.08670828072382646,0,0.0,1,0.7352941176470589,True,17.037037037037035,43.7037037037037,11.11111111111111,28.148148148148145,39.25925925925925,True,True,True,,
1.0.0,symbolic_processed_v1,6,session_06,sample_6.csv,processed,session_06__processed__120s__w003,120,3,2,Awake,0,481.8407049,602.260483,24.9931268901808,2999,0.034796203630091664,True,6,3,0.3,0.2,0.3,2.0,0.2,90.0,511.05301372775284,58,139,99.16059499970014,138,136,70.08083090982109,68.16307333685673,862.2660434756533,880.2419999973381,72.04128912079298,720.1979999978221,1040.2859999968541,0.08354879525396401,0,0.0,1,0.7299270072992701,True,21.323529411764707,45.58823529411765,7.352941176470589,25.73529411764706,33.08823529411765,True,True,True,,
1.0.0,symbolic_processed_v1,6,session_06,sample_6.csv,processed,session_06__processed__120s__w004,120,4,3,Awake,0,602.3000095,722.720259,24.9931268901808,2999,0.09587135853822956,True,6,3,0.3,0.2,0.3,2.0,0.2,90.0,488.69997229132935,58,144,99.39399249969942,143,141,72.45612987496465,71.40893397194515,834.0754615359392,840.2309999974591,70.95811554490867,680.1869999979431,1040.2859999968541,0.08507397569788254,0,0.0,1,0.704225352112676,True,21.27659574468085,41.843971631205676,14.893617021276595,21.98581560283688,36.87943262411348,True,True,True,,
1.0.0,symbolic_processed_v1,6,session_06,sample_6.csv,processed,session_06__processed__120s__w005,120,5,4,Awake,0,722.7602637,843.1807933,24.9931268901808,2999,0.19790133568305748,True,6,3,0.3,0.2,0.3,2.0,0.2,90.0,444.94222612059986,58,157,99.59404749969882,156,154,78.89556747836603,78.92566386372884,766.1080576899909,760.2089999977011,64.72429587932602,600.1649999981851,920.2529999972171,0.08448455179349777,0,0.0,2,1.2903225806451613,True,34.41558441558441,41.55844155844156,5.8441558441558445,18.18181818181818,24.025974025974023,True,True,True,,
1.0.0,symbolic_processed_v1,6,session_06,sample_6.csv,processed,session_06__processed__120s__w006,120,6,5,Drowsy,1,904.3098412,1024.710263,24.9931268901808,2999,0.17626630494107345,True,6,3,0.3,0.2,0.3,2.0,0.2,90.0,411.0922876691418,58,160,99.09390999970034,159,157,80.73109121580046,78.92566386372884,747.8785660354743,760.2089999977011,59.37145391141258,640.1759999980641,920.2529999972171,0.07938648947534674,0,0.0,0,0.0,True,24.203821656050955,42.67515923566879,8.280254777070063,24.84076433121019,33.12101910828025,True,True,True,,
1.0.0,symbolic_processed_v1,6,session_06,sample_6.csv,processed,session_06__processed__120s__w007,120,7,6,Drowsy,1,1055.440102,1175.840627,24.9931268901808,2999,0.2246033730410094,True,6,3,0.3,0.2,0.3,2.0,0.2,90.0,443.48611501167693,58,155,98.86051249970104,154,152,78.49063794719503,78.92566386372884,770.3416558418262,760.2089999977011,66.06416576046068,600.1649999981851,920.2529999972171,0.08575956558946048,0,0.0,1,0.6535947712418301,True,35.526315789473685,43.42105263157895,7.236842105263158,13.815789473684212,21.05263157894737,True,True,True,,
1.0.0,symbolic_processed_v1,6,session_06,sample_6.csv,processed,session_06__processed__120s__w008,120,8,7,Drowsy,1,1175.880144,1296.28986,24.9931268901808,2999,0.2745499552059472,True,6,3,0.3,0.2,0.3,2.0,0.2,90.0,386.43738864501745,58,154,98.96053999970074,153,151,78.04373753291668,78.92566386372884,776.1610980368685,760.2089999977011,76.43262284781142,640.1759999980641,1040.2859999968541,0.09847520449186539,0,0.0,2,1.3157894736842106,True,27.814569536423843,44.37086092715232,4.635761589403974,23.17880794701987,27.814569536423843,True,True,True,,
1.0.0,symbolic_processed_v1,6,session_06,sample_6.csv,processed,session_06__processed__120s__w010,120,10,9,Awake,0,1483.589924,1603.999892,24.9931268901808,2999,0.15958284490011324,True,6,3,0.3,0.2,0.3,2.0,0.2,90.0,479.6154633713188,58,159,99.76075999969832,158,156,79.94001931039853,78.92566386372884,757.6766582255568,760.2089999977011,75.11665542376167,640.1759999980641,1000.2749999969751,0.09914078071202741,0,0.0,1,0.6369426751592356,True,35.25641025641026,42.94871794871795,5.76923076923077,16.025641025641026,21.794871794871796,True,True,True,,
1.0.0,symbolic_processed_v1,6,session_06,sample_6.csv,processed,session_06__processed__120s__w011,120,11,10,Awake,0,1604.040723,1724.440688,24.9931268901808,2999,0.1143583568774107,True,6,3,0.3,0.2,0.3,2.0,0.2,90.0,537.2200547460975,58,148,99.16059499970014,147,145,74.52813066754427,74.97938067054241,809.4742448955113,800.2199999975801,60.165766830151725,680.1869999979431,960.2639999970961,0.074326968658426,0,0.0,0,0.0,True,13.10344827586207,45.51724137931035,12.413793103448278,28.965517241379313,41.37931034482759,True,True,True,,
1.0.0,symbolic_processed_v1,6,session_06,sample_6.csv,processed,session_06__processed__120s__w012,120,12,11,Awake,0,1724.480203,1844.879936,24.9931268901808,2999,0.1291046723251822,True,6,3,0.3,0.2,0.3,2.0,0.2,90.0,535.3734674114146,58,149,99.29396499969972,148,146,75.12067187173737,74.97938067054241,805.0862027002681,800.2199999975801,72.73682266469443,680.1869999979431,1000.2749999969751,0.09034662675963681,0,0.0,0,0.0,True,23.28767123287671,36.986301369863014,13.013698630136986,26.712328767123285,39.72602739726027,True,True,True,,
1.0.0,symbolic_processed_v1,6,session_06,sample_6.csv,processed,session_06__processed__120s__w013,120,13,12,Awake,0,1844.919828,1965.319888,24.9931268901808,2999,0.11305945360076816,True,6,3,0.3,0.2,0.3,2.0,0.2,90.0,528.4172966813829,58,152,99.49401999969912,151,149,76.2357548686528,74.97938067054241,790.680953639993,800.2199999975801,53.42302307533,640.1759999980641,960.2639999970961,0.0675658403422908,0,0.0,0,0.0,True,32.88590604026846,42.281879194630875,5.369127516778524,19.46308724832215,24.832214765100673,True,True,True,,
1.0.0,symbolic_processed_v1,6,session_06,sample_6.csv,processed,session_06__processed__120s__w014,120,14,13,Awake,0,1965.360116,2085.760591,24.9931268901808,2999,0.1874410119388888,True,6,3,0.3,0.2,0.3,2.0,0.2,90.0,455.3138505053966,58,147,98.92719749970084,146,144,74.20278009749616,74.97938067054241,813.1002534221988,800.2199999975801,60.89490024162158,680.1869999979431,1000.2749999969751,0.07489224112933854,0,0.0,2,1.3793103448275863,True,28.47222222222222,51.388888888888886,4.166666666666666,15.972222222222221,20.138888888888886,True,True,True,,
1.0.0,symbolic_processed_v1,6,session_06,sample_6.csv,processed,session_06__processed__120s__w015,120,15,14,Awake,0,2085.800059,2206.199844,24.9931268901808,2999,0.44088863661300515,True,6,3,0.3,0.2,0.3,2.0,0.2,90.0,482.58309913428116,58,146,99.29396499969972,145,143,73.2659258534428,71.40893397194515,821.7431586182047,840.2309999974591,48.092020336114885,720.1979999978221,920.2529999972171,0.05852439394443346,0,0.0,0,0.0,True,4.195804195804196,39.16083916083916,12.587412587412587,44.05594405594405,56.64335664335664,True,True,True,,
1.0.0,symbolic_processed_v1,6,session_06,sample_6.csv,processed,session_06__processed__120s__w016,120,16,15,Awake,0,2206.240341,2326.630071,24.9931268901808,2999,0.28168816816165676,True,6,3,0.3,0.2,0.3,2.0,0.2,90.0,504.2854462296066,58,147,99.12725249970023,146,144,74.0032468155381,74.97938067054241,814.7445410934265,800.2199999975801,56.56070662726468,680.1869999979431,960.2639999970961,0.06942139992905934,0,0.0,0,0.0,True,12.5,47.916666666666664,12.5,27.083333333333332,39.58333333333333,True,True,True,,
1.0.0,symbolic_processed_v1,6,session_06,sample_6.csv,processed,session_06__processed__120s__w017,120,17,16,Awake,0,2326.670665,2447.070789,24.9931268901808,2999,0.3000838753481885,True,6,3,0.3,0.2,0.3,2.0,0.2,90.0,463.09439156531676,58,144,98.82716999970113,143,141,72.64104928794033,71.40893397194515,829.3189090884013,840.2309999974591,51.62089916731166,640.1759999980641,920.2529999972171,0.06224493207812429,0,0.0,0,0.0,True,12.056737588652483,46.09929078014184,9.21985815602837,32.6241134751773,41.843971631205676,True,True,True,,
1.0.0,symbolic_processed_v1,6,session_06,sample_6.csv,processed,session_06__processed__120s__w018,120,18,17,Awake,0,2447.110533,2567.500416,24.9931268901808,2999,0.16920235078404913,True,6,3,0.3,0.2,0.3,2.0,0.2,90.0,460.7280276521613,58,144,98.99388249970065,143,141,72.52131821472243,71.40893397194515,830.717895102383,840.2309999974591,53.50327166125004,680.1869999979431,960.2639999970961,0.06440606609859531,0,0.0,0,0.0,True,9.21985815602837,51.773049645390074,9.929078014184398,29.078014184397166,39.00709219858156,True,True,True,,
1.0.0,symbolic_processed_v1,6,session_06,sample_6.csv,processed,session_06__processed__120s__w019,120,19,18,Drowsy,1,2635.850181,2756.2408,24.9931268901808,2999,0.10653573418278159,True,6,3,0.3,0.2,0.3,2.0,0.2,90.0,466.2545292968937,58,158,99.02722499970054,157,155,79.99098615176428,78.92566386372884,756.8959872588576,760.2089999977011,74.02129043800657,640.1759999980641,1040.2859999968541,0.09779585528796227,0,0.0,5,3.2051282051282053,True,30.967741935483872,43.87096774193548,3.870967741935484,21.29032258064516,25.161290322580644,True,True,True,,
1.0.0,symbolic_processed_v1,6,session_06,sample_6.csv,processed,session_06__processed__120s__w020,120,20,19,Drowsy,1,2756.280844,2876.670667,24.9931268901808,2999,0.3353945508118504,True,6,3,0.3,0.2,0.3,2.0,0.2,90.0,458.7851910411597,58,151,98.82716999970113,150,148,76.4270313534214,74.97938067054241,790.6173599976091,800.2199999975801,67.28417386145118,640.1759999980641,1000.2749999969751,0.08510333476823054,0,0.0,2,1.342281879194631,True,25.675675675675674,46.62162162162162,6.081081081081081,21.62162162162162,27.7027027027027,True,True,True,,
1.0.0,symbolic_processed_v1,6,session_06,sample_6.csv,processed,session_06__processed__120s__w021,120,21,20,Drowsy,1,2876.710152,2997.09038,24.9931268901808,2999,0.13392769572020544,True,6,3,0.3,0.2,0.3,2.0,0.2,90.0,501.93438037009685,58,154,98.76048499970133,153,151,77.74272964887824,78.92566386372884,774.5920392133438,760.2089999977011,46.9427254392982,640.1759999980641,920.2529999972171,0.06060316019639454,0,0.0,1,0.6578947368421053,True,15.894039735099339,41.72185430463576,8.609271523178808,33.77483443708609,42.384105960264904,True,True,True,,
1.0.0,symbolic_processed_v1,6,session_06,sample_6.csv,processed,session_06__processed__120s__w022,120,22,21,Drowsy,1,2997.140457,3117.520035,24.9931268901808,2999,0.20488755977304818,True,6,3,0.3,0.2,0.3,2.0,0.2,90.0,464.3676858628505,58,150,99.66073249969863,149,147,75.28590099888116,74.97938067054241,802.6367718096533,800.2199999975801,65.97933806628022,600.1649999981851,960.2639999970961,0.08220323362150586,0,0.0,0,0.0,True,19.727891156462583,47.61904761904762,6.802721088435374,25.85034013605442,32.6530612244898,True,True,True,,
1.0.0,symbolic_processed_v1,6,session_06,sample_6.csv,processed,session_06__processed__180s__w001,180,1,0,Awake,0,361.4108198,542.0907965,24.9931268901808,4499,0.0651964595188462,True,6,3,0.3,0.2,0.3,2.0,0.2,90.0,518.0312219749887,88,209,99.31619333303298,208,206,70.32136865564067,68.16307333685673,859.4670576897087,880.2419999973381,72.51437763979355,640.1759999980641,1040.2859999968541,0.08437132871004492,0,0.0,1,0.4830917874396135,True,18.446601941747574,43.689320388349515,9.223300970873787,28.640776699029125,37.86407766990291,True,True,True,,
1.0.0,symbolic_processed_v1,6,session_06,sample_6.csv,processed,session_06__processed__180s__w002,180,2,1,Awake,0,542.1304595,722.7999523,24.9931268901808,4499,0.11893574594507805,True,6,3,0.3,0.2,0.3,2.0,0.2,90.0,492.519855239657,88,212,99.5162483330324,211,209,71.24482317142287,71.40893397194515,848.9537772486175,840.2309999974591,75.71300222762429,680.1869999979431,1040.2859999968541,0.08918389228799156,0,0.0,2,0.9523809523809523,True,20.095693779904305,44.49760765550239,12.440191387559809,22.966507177033492,35.4066985645933,True,True,True,,
1.0.0,symbolic_processed_v1,6,session_06,sample_6.csv,processed,session_06__processed__180s__w003,180,3,2,Awake,0,722.8403513,903.5000169,24.9931268901808,4499,0.18497404138324203,True,6,3,0.3,0.2,0.3,2.0,0.2,90.0,449.21243928036824,88,234,99.69407499969853,233,231,78.34579133265999,78.92566386372884,770.1688197401603,760.2089999977011,56.80088794495897,600.1649999981851,920.2529999972171,0.07375121725146244,0,0.0,2,0.8620689655172413,True,35.497835497835496,41.55844155844156,4.761904761904762,18.18181818181818,22.943722943722943,True,True,True,,
1.0.0,symbolic_processed_v1,6,session_06,sample_6.csv,processed,session_06__processed__180s__w004,180,4,3,Drowsy,1,1055.440102,1236.080752,24.9931268901808,4499,0.29076640267945186,True,6,3,0.3,0.2,0.3,2.0,0.2,90.0,433.4896832394956,88,231,99.33842166636627,230,228,77.84968948573227,74.97938067054241,777.4311260846055,800.2199999975801,72.04051870493291,600.1649999981851,1040.2859999968541,0.09266482430122427,0,0.0,3,1.3100436681222707,True,39.473684210526315,42.10526315789473,3.508771929824561,14.912280701754385,18.421052631578945,True,True,True,,
1.0.0,symbolic_processed_v1,6,session_06,sample_6.csv,processed,session_06__processed__180s__w005,180,5,4,Drowsy,1,1236.120091,1416.770739,24.9931268901808,4499,0.4753608347302523,True,6,3,0.3,0.2,0.3,2.0,0.2,90.0,377.8732114151424,88,237,99.62738999969874,236,234,79.49286974530361,78.92566386372884,759.8699237265156,760.2089999977011,62.31268220368533,640.1759999980641,960.2639999970961,0.0820044066201418,0,0.0,2,0.851063829787234,True,31.196581196581196,43.58974358974359,6.41025641025641,18.803418803418804,25.213675213675213,True,True,True,,
1.0.0,symbolic_processed_v1,6,session_06,sample_6.csv,processed,session_06__processed__180s__w006,180,6,5,Awake,0,1483.589924,1664.24054,24.9931268901808,4499,0.36298503592858533,True,6,3,0.3,0.2,0.3,2.0,0.2,90.0,503.96507096917577,88,233,99.73853166636505,232,230,78.26511518785578,78.92566386372884,773.8334353424875,760.2089999977011,75.480629303069,640.1759999980641,1000.2749999969751,0.09754118374280682,0,0.0,1,0.4329004329004329,True,35.65217391304348,42.608695652173914,5.6521739130434785,16.08695652173913,21.73913043478261,True,True,True,,
1.0.0,symbolic_processed_v1,6,session_06,sample_6.csv,processed,session_06__processed__180s__w007,180,7,6,Awake,0,1664.280036,1844.919828,24.9931268901808,4499,0.10475420778298936,True,6,3,0.3,0.2,0.3,2.0,0.2,90.0,536.2788473377025,88,223,99.53847666636565,222,220,74.86505169529703,74.97938067054241,807.0687297272891,800.2199999975801,68.16792502348238,680.1869999979431,1000.2749999969751,0.0844635933875378,0,0.0,0,0.0,True,22.272727272727273,40.90909090909091,10.909090909090908,25.909090909090907,36.81818181818181,True,True,True,,
1.0.0,symbolic_processed_v1,6,session_06,sample_6.csv,processed,session_06__processed__180s__w008,180,8,7,Awake,0,1844.960093,2025.610576,24.9931268901808,4499,0.24922403420634273,True,6,3,0.3,0.2,0.3,2.0,0.2,90.0,508.6776736807051,88,228,99.67184666636525,227,225,76.24680063992875,74.97938067054241,790.3494449315307,800.2199999975801,51.75798360111314,640.1759999980641,960.2639999970961,0.06548746751583664,0,0.0,0,0.0,True,34.22222222222222,43.11111111111111,4.444444444444445,18.22222222222222,22.666666666666664,True,True,True,,
1.0.0,symbolic_processed_v1,6,session_06,sample_6.csv,processed,session_06__processed__180s__w009,180,9,8,Awake,0,2025.650178,2206.28059,24.9931268901808,4499,0.4093895027033308,True,6,3,0.3,0.2,0.3,2.0,0.2,90.0,471.50673764448084,88,217,99.24950833303319,216,214,72.85055446091172,71.40893397194515,827.07923610861,840.2309999974591,53.726285141823155,680.1869999979431,1000.2749999969751,0.06495905446085694,0,0.0,2,0.9302325581395349,True,21.49532710280374,43.925233644859816,7.009345794392523,27.570093457943926,34.57943925233645,True,True,True,,
1.0.0,symbolic_processed_v1,6,session_06,sample_6.csv,processed,session_06__processed__180s__w011,180,11,10,Awake,0,2386.990293,2567.620315,24.9931268901808,4499,0.16567009740600028,True,6,3,0.3,0.2,0.3,2.0,0.2,90.0,455.9324896962046,88,216,99.27173666636646,215,213,72.49911523368492,71.40893397194515,831.112213950975,840.2309999974591,53.585023369470846,640.1759999980641,960.2639999970961,0.06447387304625952,0,0.0,0,0.0,True,24.413145539906104,48.35680751173709,5.633802816901408,21.5962441314554,27.230046948356808,True,True,True,,
1.0.0,symbolic_processed_v1,6,session_06,sample_6.csv,processed,session_06__processed__180s__w012,180,12,11,Drowsy,1,2635.850181,2816.480324,24.9931268901808,4499,0.1238668850103202,True,6,3,0.3,0.2,0.3,2.0,0.2,90.0,473.3098830093185,88,234,99.58293333303219,233,231,78.65908890949747,78.92566386372884,769.3102145899481,760.2089999977011,72.17600529787204,640.1759999980641,1040.2859999968541,0.09381911734571564,0,0.0,6,2.586206896551724,True,28.138528138528137,44.58874458874459,3.896103896103896,23.376623376623378,27.272727272727273,True,True,True,,
1.0.0,symbolic_processed_v1,6,session_06,sample_6.csv,processed,session_06__processed__180s__w013,180,13,12,Drowsy,1,2816.520055,2997.140457,24.9931268901808,4499,0.35358085547722373,True,6,3,0.3,0.2,0.3,2.0,0.2,90.0,478.11027814343765,88,231,99.42733499969933,230,228,77.50646278607324,78.92566386372884,778.1269695628644,760.2089999977011,56.63805737640267,640.1759999980641,1000.2749999969751,0.07278768066376207,0,0.0,2,0.8733624454148472,True,35.08771929824561,41.228070175438596,4.824561403508771,18.859649122807017,23.684210526315788,True,True,True,,
1.0.0,symbolic_processed_v1,6,session_06,sample_6.csv,processed,session_06__processed__180s__w014,180,14,13,Drowsy,1,2997.179883,3177.789922,24.9931268901808,4499,0.229815678929611,True,6,3,0.3,0.2,0.3,2.0,0.2,90.0,483.247923242526,88,221,99.62738999969874,220,218,74.07892935412649,74.97938067054241,815.1331909066259,800.2199999975801,63.143607861346446,600.1649999981851,960.2639999970961,0.07746415992595691,0,0.0,0,0.0,True,26.605504587155966,44.03669724770643,5.5045871559633035,23.853211009174313,29.357798165137616,True,True,True,,
