session,duration_s,metric,awake,drowsy,delta_drowsy_minus_awake,n_windows_awake,n_windows_drowsy,source_domain,expected_sign,in_expected_direction
1,60,Mean_CC,0.7162572792370095,0.7371784571491848,0.020921177912175293,24,7,Prediction,-1,False
4,60,Mean_CC,0.624877585725933,0.6617064624683453,0.03682887674241231,29,17,Prediction,-1,False
5,60,Mean_CC,0.6614714043014197,0.6256650285960395,-0.035806375705380256,33,16,Prediction,-1,True
6,60,Mean_CC,0.6907542112070781,0.673492348793435,-0.017261862413643136,31,17,Prediction,-1,True
7,60,Mean_CC,0.7097277092543911,0.6412090240001522,-0.06851868525423888,34,11,Prediction,-1,True
8,60,Mean_CC,0.7251074065978171,0.6733816672694368,-0.051725739328380316,36,10,Prediction,-1,True
10,60,Mean_CC,0.7489728173169774,0.6772056352606055,-0.07176718205637189,27,9,Prediction,-1,True
11,60,Mean_CC,0.6872602908430605,0.6553255230883006,-0.031934767754759896,20,18,Prediction,-1,True
12,60,Mean_CC,0.7288506474216,0.6885203529436704,-0.040330294477929574,20,35,Prediction,-1,True
14,60,Mean_CC,0.67273088774744,0.605526975701356,-0.067203912046084,31,17,Prediction,-1,True
15,60,Mean_CC,0.6838887782431654,0.674000131067526,-0.00988864717563942,28,6,Prediction,-1,True
17,60,Mean_CC,0.6670946034022217,0.7669144948087139,0.09981989140649217,28,14,Prediction,-1,False
18,60,Mean_CC,0.7282510079416141,0.656110216840678,-0.07214079110093607,19,21,Prediction,-1,True
19,60,Mean_CC,0.74088998806926,0.6979540882647801,-0.04293589980447987,34,10,Prediction,-1,True
21,60,Mean_CC,0.6222530782241327,0.6164385279868347,-0.005814550237297933,25,15,Prediction,-1,True
22,60,Mean_CC,0.7339079917855992,0.6256966490326951,-0.10821134275290412,29,13,Prediction,-1,True
23,60,Mean_CC,0.6415341453410874,0.6386521821538151,-0.002881963187272296,49,13,Prediction,-1,True
25,60,Mean_CC,0.7330552550742705,0.6640794981577091,-0.06897575691656144,27,15,Prediction,-1,True
1,120,Mean_CC,0.7154089693109362,0.7565828183399048,0.04117384902896859,11,1,Prediction,-1,False
4,120,Mean_CC,0.629429135809723,0.6589711756089522,0.029542039799229203,13,7,Prediction,-1,False
5,120,Mean_CC,0.6657312215862649,0.6381661376156461,-0.027565083970618742,14,8,Prediction,-1,True
6,120,Mean_CC,0.6964546620275125,0.6859222879320346,-0.010532374095477914,14,7,Prediction,-1,True
7,120,Mean_CC,0.7106037241263272,0.6502510333057159,-0.06035269082061134,17,5,Prediction,-1,True
8,120,Mean_CC,0.7250910221799042,0.6870175403484693,-0.038073481831434886,17,5,Prediction,-1,True
10,120,Mean_CC,0.7581054203838744,0.6851238099135921,-0.07298161047028229,12,4,Prediction,-1,True
11,120,Mean_CC,0.6926946836428631,0.6660112069324238,-0.026683476710439358,9,8,Prediction,-1,True
12,120,Mean_CC,0.7173056912978918,0.6914853556429468,-0.025820335654945015,8,16,Prediction,-1,True
14,120,Mean_CC,0.6754533063038286,0.586318722039853,-0.08913458426397558,16,7,Prediction,-1,True
15,120,Mean_CC,0.6869180342341475,0.6662803421155523,-0.02063769211859523,12,3,Prediction,-1,True
17,120,Mean_CC,0.6701673066380563,0.7357604926106451,0.06559318597258879,14,5,Prediction,-1,False
18,120,Mean_CC,0.7290715003711323,0.6746950905735599,-0.05437640979757241,8,10,Prediction,-1,True
19,120,Mean_CC,0.7439553811408532,0.7002480877719278,-0.043707293368925426,15,4,Prediction,-1,True
21,120,Mean_CC,0.6303045578004353,0.6292417545638613,-0.0010628032365739282,12,7,Prediction,-1,True
22,120,Mean_CC,0.7460625826874471,0.6602515109252801,-0.08581107176216696,13,6,Prediction,-1,True
23,120,Mean_CC,0.659214697757677,0.6348419720346413,-0.024372725723035726,22,4,Prediction,-1,True
25,120,Mean_CC,0.7430894254748006,0.6754201272038416,-0.06766929827095902,12,7,Prediction,-1,True
1,180,Mean_CC,0.7064346030897337,0.7450928007593913,0.03865819766965761,6,1,Prediction,-1,False
4,180,Mean_CC,0.6372297253925505,0.6843605567552415,0.04713083136269103,8,5,Prediction,-1,False
5,180,Mean_CC,0.6783284158823635,0.6183688478207006,-0.059959568061662916,9,3,Prediction,-1,True
6,180,Mean_CC,0.7101813822423437,0.6783740218845673,-0.031807360357776426,8,5,Prediction,-1,True
7,180,Mean_CC,0.7188109514971689,0.6385327346568899,-0.08027821684027903,11,1,Prediction,-1,True
8,180,Mean_CC,0.7343067286562827,0.6861456985448996,-0.04816103011138306,9,3,Prediction,-1,True
10,180,Mean_CC,0.765532353382835,0.6711139057548391,-0.0944184476279959,7,2,Prediction,-1,True
11,180,Mean_CC,0.7031454429098455,0.6818398114856667,-0.02130563142417874,5,6,Prediction,-1,True
12,180,Mean_CC,0.7200906923830727,0.6787629468713495,-0.041327745511723135,5,10,Prediction,-1,True
14,180,Mean_CC,0.6772196637096596,0.6312526025751586,-0.045967061134501,9,4,Prediction,-1,True
15,180,Mean_CC,0.6921641748838869,0.6210291231679055,-0.07113505171598145,7,1,Prediction,-1,True
17,180,Mean_CC,0.6860345751828486,0.7347709096281636,0.048736334445315,9,4,Prediction,-1,False
18,180,Mean_CC,0.7252896002278204,0.6701683211826307,-0.05512127904518971,5,6,Prediction,-1,True
19,180,Mean_CC,0.7525085626664626,0.6879468998101355,-0.06456166285632714,9,2,Prediction,-1,True
21,180,Mean_CC,0.6194495043638656,0.6254790012157564,0.006029496851890803,7,4,Prediction,-1,False
22,180,Mean_CC,0.7365509880406172,0.6894085872163593,-0.04714240082425791,8,3,Prediction,-1,True
23,180,Mean_CC,0.660208002498564,0.654851316192653,-0.005356686305911018,15,1,Prediction,-1,True
25,180,Mean_CC,0.7273552915690625,0.6831482680207667,-0.044207023548295865,6,4,Prediction,-1,True
1,60,Mean_NRMSE,0.5869624912226548,0.5828411291316169,-0.004121362091037861,24,7,Prediction,1,False
4,60,Mean_NRMSE,0.6897510372729564,0.6695737957268743,-0.020177241546082136,29,17,Prediction,1,False
5,60,Mean_NRMSE,0.6760308109864472,0.7057123193528857,0.029681508366438458,33,16,Prediction,1,True
6,60,Mean_NRMSE,0.6378294225863771,0.6669952400625656,0.029165817476188516,31,17,Prediction,1,True
7,60,Mean_NRMSE,0.6310717421575701,0.6882946488690981,0.057222906711527965,34,11,Prediction,1,True
8,60,Mean_NRMSE,0.6123646339395816,0.6549590712218997,0.04259443728231804,36,10,Prediction,1,True
10,60,Mean_NRMSE,0.591607143150853,0.6404262962050152,0.04881915305416218,27,9,Prediction,1,True
11,60,Mean_NRMSE,0.6404791012823232,0.6695963634030622,0.02911726212073895,20,18,Prediction,1,True
12,60,Mean_NRMSE,0.595360993896853,0.6324608592304831,0.03709986533363008,20,35,Prediction,1,True
14,60,Mean_NRMSE,0.6525578110304431,0.712341138917536,0.05978332788709295,31,17,Prediction,1,True
15,60,Mean_NRMSE,0.6523256205260942,0.6644696041180012,0.012143983591906937,28,6,Prediction,1,True
17,60,Mean_NRMSE,0.6735027958582495,0.5821621130161525,-0.09134068284209695,28,14,Prediction,1,False
18,60,Mean_NRMSE,0.6028285093532119,0.6643274028990978,0.06149889354588589,19,21,Prediction,1,True
19,60,Mean_NRMSE,0.5706599558491487,0.6306689497222546,0.060008993873105876,34,10,Prediction,1,True
21,60,Mean_NRMSE,0.7005008034797497,0.6978128399213323,-0.0026879635584174943,25,15,Prediction,1,False
22,60,Mean_NRMSE,0.6046340713684941,0.6907875120702804,0.08615344070178632,29,13,Prediction,1,True
23,60,Mean_NRMSE,0.6897133221406468,0.6943603275645931,0.004647005423946249,49,13,Prediction,1,True
25,60,Mean_NRMSE,0.5890536361793575,0.6541436439211925,0.06509000774183504,27,15,Prediction,1,True
1,120,Mean_NRMSE,0.579120559292176,0.5455213957390493,-0.03359916355312664,11,1,Prediction,1,False
4,120,Mean_NRMSE,0.6810342823660244,0.6523286919484128,-0.02870559041761156,13,7,Prediction,1,False
5,120,Mean_NRMSE,0.657763712255664,0.6979073676421401,0.04014365538647613,14,8,Prediction,1,True
6,120,Mean_NRMSE,0.6300125040982795,0.6490762142314845,0.01906371013320507,14,7,Prediction,1,True
7,120,Mean_NRMSE,0.6205637069826181,0.6717599359908558,0.051196229008237726,17,5,Prediction,1,True
8,120,Mean_NRMSE,0.6020039004644419,0.6389883678448213,0.036984467380379416,17,5,Prediction,1,True
10,120,Mean_NRMSE,0.5771847694388056,0.631565174907316,0.05438040546851042,12,4,Prediction,1,True
11,120,Mean_NRMSE,0.6275862942951466,0.6526958058130423,0.025109511517895755,9,8,Prediction,1,True
12,120,Mean_NRMSE,0.5934985237157159,0.6226576867348846,0.029159163019168766,8,16,Prediction,1,True
14,120,Mean_NRMSE,0.6498204900994525,0.7271323799883902,0.07731188988893767,16,7,Prediction,1,True
15,120,Mean_NRMSE,0.6441720454594823,0.6672298138822562,0.02305776842277396,12,3,Prediction,1,True
17,120,Mean_NRMSE,0.6594531791655465,0.5989682305416678,-0.060484948623878654,14,5,Prediction,1,False
18,120,Mean_NRMSE,0.5988123760727541,0.646677330785158,0.04786495471240393,8,10,Prediction,1,True
19,120,Mean_NRMSE,0.556257298065658,0.6133388275159889,0.05708152945033085,15,4,Prediction,1,True
21,120,Mean_NRMSE,0.6847297017797213,0.680787019421452,-0.003942682358269223,12,7,Prediction,1,False
22,120,Mean_NRMSE,0.5865766944730927,0.666187700420776,0.07961100594768333,13,6,Prediction,1,True
23,120,Mean_NRMSE,0.6636933793733467,0.6838561340953936,0.02016275472204687,22,4,Prediction,1,True
25,120,Mean_NRMSE,0.575489140691356,0.6389058903754269,0.06341674968407085,12,7,Prediction,1,True
1,180,Mean_NRMSE,0.5834696846245111,0.5478757002759884,-0.03559398434852268,6,1,Prediction,1,False
4,180,Mean_NRMSE,0.6722149092294469,0.641047140059664,-0.031167769169782922,8,5,Prediction,1,False
5,180,Mean_NRMSE,0.6493834175351524,0.7128100777567767,0.06342666022162435,9,3,Prediction,1,True
6,180,Mean_NRMSE,0.6206818535489868,0.6481292251856745,0.027447371636687756,8,5,Prediction,1,True
7,180,Mean_NRMSE,0.6128517686301209,0.6701611364533786,0.057309367823257684,11,1,Prediction,1,True
8,180,Mean_NRMSE,0.5896934395255449,0.6314136831906125,0.04172024366506766,9,3,Prediction,1,True
10,180,Mean_NRMSE,0.5696008034178125,0.6375580656944161,0.06795726227660359,7,2,Prediction,1,True
11,180,Mean_NRMSE,0.6145820631046521,0.6387587673388075,0.02417670423415541,5,6,Prediction,1,True
12,180,Mean_NRMSE,0.5920824148755961,0.6245534314191161,0.032471016543520026,5,10,Prediction,1,True
14,180,Mean_NRMSE,0.6522771545801467,0.6839958430713436,0.03171868849119697,9,4,Prediction,1,True
15,180,Mean_NRMSE,0.6312440462875882,0.7027207312540155,0.07147668496642723,7,1,Prediction,1,True
17,180,Mean_NRMSE,0.6441338796733613,0.5960978034096258,-0.04803607626373552,9,4,Prediction,1,False
18,180,Mean_NRMSE,0.5993007172449419,0.6499252631288049,0.050624545883863004,5,6,Prediction,1,True
19,180,Mean_NRMSE,0.5453567428607209,0.6245725810487401,0.07921583818801925,9,2,Prediction,1,True
21,180,Mean_NRMSE,0.6927225281786942,0.6793131550044285,-0.013409373174265715,7,4,Prediction,1,False
22,180,Mean_NRMSE,0.5918958896662403,0.6294423163293423,0.03754642666310204,8,3,Prediction,1,True
23,180,Mean_NRMSE,0.659426333145457,0.6725433734581782,0.013117040312721207,15,1,Prediction,1,True
25,180,Mean_NRMSE,0.5883238383949908,0.6306674949303085,0.042343656535317686,6,4,Prediction,1,True
1,60,DET,0.9191743526392172,0.9390959137411996,0.0199215611019824,24,7,RQA,-1,False
4,60,DET,0.6958295340020156,0.7143062820943514,0.018476748092335793,29,17,RQA,-1,False
5,60,DET,0.720497192494121,0.6980371454623986,-0.02246004703172244,33,16,RQA,-1,True
6,60,DET,0.7134904256850795,0.6986610356577242,-0.014829390027355283,31,17,RQA,-1,True
7,60,DET,0.7098910591735854,0.6696261457983395,-0.04026491337524596,34,11,RQA,-1,True
8,60,DET,0.720329222056918,0.713538417238566,-0.006790804818351925,36,10,RQA,-1,True
10,60,DET,0.7545711954695974,0.7174257330709795,-0.037145462398617934,27,9,RQA,-1,True
11,60,DET,0.7275519508566493,0.6974612468205595,-0.03009070403608971,20,18,RQA,-1,True
12,60,DET,0.6341727137296362,0.6651929453601807,0.03102023163054446,20,35,RQA,-1,False
14,60,DET,0.7019244612948121,0.6618515141335125,-0.04007294716129961,31,17,RQA,-1,True
15,60,DET,0.7117387339828191,0.7027163219273408,-0.009022412055478268,28,6,RQA,-1,True
17,60,DET,0.7192254163267265,0.7080193885876086,-0.01120602773911794,28,14,RQA,-1,True
18,60,DET,0.6945817536113644,0.6407352305994145,-0.05384652301194992,19,21,RQA,-1,True
19,60,DET,0.6854153668954264,0.6322407256322887,-0.053174641263137645,34,10,RQA,-1,True
21,60,DET,0.6248500263953544,0.5892882852617939,-0.035561741133560476,25,15,RQA,-1,True
22,60,DET,0.7383500503911311,0.703556174113356,-0.03479387627777508,29,13,RQA,-1,True
23,60,DET,0.7085472956759611,0.7015405288669194,-0.007006766809041665,49,13,RQA,-1,True
25,60,DET,0.7424773239909775,0.6899265729231655,-0.05255075106781204,27,15,RQA,-1,True
1,120,DET,0.9198504444258526,0.9350829566075348,0.0152325121816822,11,1,RQA,-1,False
4,120,DET,0.6865818165018941,0.7017924789799501,0.015210662478056025,13,7,RQA,-1,False
5,120,DET,0.701189954063849,0.6763001777428961,-0.024889776320952905,14,8,RQA,-1,True
6,120,DET,0.708941605839416,0.693846438140996,-0.015095167698420009,14,7,RQA,-1,True
7,120,DET,0.7090686500970156,0.667086297699344,-0.04198235239767156,17,5,RQA,-1,True
8,120,DET,0.7190704980134898,0.6997020234685393,-0.019368474544950498,17,5,RQA,-1,True
10,120,DET,0.7559497703192447,0.7180582165693312,-0.03789155374991349,12,4,RQA,-1,True
11,120,DET,0.7195093781761065,0.702167837013767,-0.017341541162339547,9,8,RQA,-1,True
12,120,DET,0.6148422341310174,0.6582047491453387,0.04336251501432131,8,16,RQA,-1,False
14,120,DET,0.6889725584403585,0.6275177861960639,-0.06145477224429463,16,7,RQA,-1,True
15,120,DET,0.7184814746373464,0.6946549015984478,-0.02382657303889857,12,3,RQA,-1,True
17,120,DET,0.7150397302041948,0.7033170100711448,-0.01172272013304998,14,5,RQA,-1,True
18,120,DET,0.6933819625585744,0.6366773620184207,-0.05670460054015369,8,10,RQA,-1,True
19,120,DET,0.6740957041619537,0.6252337203665659,-0.048861983795387864,15,4,RQA,-1,True
21,120,DET,0.6280383647653562,0.562798642690612,-0.06523972207474427,12,7,RQA,-1,True
22,120,DET,0.7374714341774198,0.7166616652431845,-0.02080976893423525,13,6,RQA,-1,True
23,120,DET,0.7066203457907251,0.6900348560744212,-0.016585489716303914,22,4,RQA,-1,True
25,120,DET,0.7417187968883452,0.6416172295191709,-0.1001015673691743,12,7,RQA,-1,True
1,180,DET,0.9149291598565346,0.9367433157314368,0.021814155874902208,6,1,RQA,-1,False
4,180,DET,0.6828191265663082,0.702324190941381,0.019505064375072823,8,5,RQA,-1,False
5,180,DET,0.6921806864626964,0.6961564369172487,0.00397575045455234,9,3,RQA,-1,False
6,180,DET,0.7011942703398375,0.6882837874127858,-0.012910482927051659,8,5,RQA,-1,True
7,180,DET,0.708840235307232,0.655779569211437,-0.05306066609579496,11,1,RQA,-1,True
8,180,DET,0.7094685319645925,0.6886080695585203,-0.0208604624060722,9,3,RQA,-1,True
10,180,DET,0.7460331126834037,0.7049638637203908,-0.041069248963012894,7,2,RQA,-1,True
11,180,DET,0.7281046215272675,0.6909287136639322,-0.037175907863335356,5,6,RQA,-1,True
12,180,DET,0.6087849140771532,0.6521518730673697,0.043366958990216475,5,10,RQA,-1,False
14,180,DET,0.7011081328948768,0.6441839490471678,-0.05692418384770903,9,4,RQA,-1,True
15,180,DET,0.7222067400017228,0.6892870353011518,-0.03291970470057104,7,1,RQA,-1,True
17,180,DET,0.7143124965165004,0.7112850186715579,-0.0030274778449425055,9,4,RQA,-1,True
18,180,DET,0.6752394313410688,0.6330179744437748,-0.04222145689729395,5,6,RQA,-1,True
19,180,DET,0.6757533226252667,0.5922329359188079,-0.08352038670645878,9,2,RQA,-1,True
21,180,DET,0.6086443450647515,0.5622394870522216,-0.046404858012529915,7,4,RQA,-1,True
22,180,DET,0.7226065729031081,0.7202337842560282,-0.0023727886470799042,8,3,RQA,-1,True
23,180,DET,0.7007551393538519,0.6719929905240394,-0.02876214882981254,15,1,RQA,-1,True
25,180,DET,0.7451040996356892,0.6512497529882093,-0.09385434664747994,6,4,RQA,-1,True
1,60,LLE,0.9363806938428474,0.8508454421393316,-0.08553525170351584,24,7,LLE,-1,True
4,60,LLE,0.8082048466294136,0.7588513260015309,-0.049353520627882674,29,17,LLE,-1,True
5,60,LLE,0.7628833744483251,0.6941292190349919,-0.06875415541333318,33,16,LLE,-1,True
6,60,LLE,0.8256898204542096,0.8046403291096984,-0.021049491344511173,30,17,LLE,-1,True
7,60,LLE,0.8573768180858816,0.8043501494244537,-0.05302666866142791,34,10,LLE,-1,True
8,60,LLE,0.8532027863391012,0.8126271798539587,-0.04057560648514247,36,10,LLE,-1,True
10,60,LLE,0.890667318503439,0.829442190014108,-0.06122512848933104,27,9,LLE,-1,True
11,60,LLE,0.8437742721121827,0.8188726761024433,-0.024901596009739402,19,18,LLE,-1,True
12,60,LLE,0.769740121608089,0.7728564744125314,0.003116352804442335,20,33,LLE,-1,False
14,60,LLE,0.8018279192614624,0.7100971948676058,-0.09173072439385654,26,14,LLE,-1,True
15,60,LLE,0.7904421506962169,0.7864602959518863,-0.0039818547443306596,28,6,LLE,-1,True
17,60,LLE,0.8494964506349506,0.8192815444903421,-0.030214906144608533,28,14,LLE,-1,True
18,60,LLE,0.7094166847443069,0.7559050314396178,0.04648834669531099,18,20,LLE,-1,False
19,60,LLE,0.8136185800827452,0.7790534640443186,-0.0345651160384266,33,10,LLE,-1,True
21,60,LLE,0.7233579537881958,0.6689893837927872,-0.05436856999540862,24,13,LLE,-1,True
22,60,LLE,0.7504517549863553,0.7213318356713982,-0.029119919314957055,29,12,LLE,-1,True
23,60,LLE,0.8562690574170972,0.814895336130383,-0.04137372128671424,49,13,LLE,-1,True
25,60,LLE,0.8753285532282131,0.8104998271738018,-0.06482872605441137,27,14,LLE,-1,True
1,120,LLE,0.9769404470775888,0.8865572444971673,-0.09038320258042143,11,1,LLE,-1,True
4,120,LLE,0.8359409794691308,0.795048649645683,-0.040892329823447815,13,7,LLE,-1,True
5,120,LLE,0.7933285624530071,0.6997967002475929,-0.0935318622054142,14,8,LLE,-1,True
6,120,LLE,0.8569064575022243,0.8450022455629663,-0.011904211939257947,14,7,LLE,-1,True
7,120,LLE,0.9152161007632498,0.8928163770126064,-0.022399723750643363,17,5,LLE,-1,True
8,120,LLE,0.9008096275401364,0.8348151746487533,-0.06599445289138306,17,5,LLE,-1,True
10,120,LLE,0.9196125444838339,0.8675336559697198,-0.05207888851411413,12,4,LLE,-1,True
11,120,LLE,0.881616181040685,0.8340806913128905,-0.04753548972779442,9,8,LLE,-1,True
12,120,LLE,0.7657247837939549,0.8122342185671041,0.04650943477314917,8,16,LLE,-1,False
14,120,LLE,0.8109921107654257,0.721413404408872,-0.08957870635655363,13,7,LLE,-1,True
15,120,LLE,0.8267979881125382,0.8135360198797702,-0.01326196823276804,12,3,LLE,-1,True
17,120,LLE,0.8838637177985296,0.8607571010047175,-0.023106616793812096,14,5,LLE,-1,True
18,120,LLE,0.7403821489488904,0.8314792593545535,0.09109711040566304,8,9,LLE,-1,False
19,120,LLE,0.8420505107919187,0.8049056662356782,-0.037144844556240564,15,4,LLE,-1,True
21,120,LLE,0.7665037545718868,0.6801811875693503,-0.08632256700253649,11,7,LLE,-1,True
22,120,LLE,0.7968323669093442,0.7446300628818431,-0.052202304027501145,13,6,LLE,-1,True
23,120,LLE,0.8771924251689436,0.8252659392829577,-0.05192648588598592,22,4,LLE,-1,True
25,120,LLE,0.9072913834452421,0.8061399458489273,-0.10115143759631473,12,7,LLE,-1,True
1,180,LLE,1.0023481304664883,0.9529625256358444,-0.049385604830643914,6,1,LLE,-1,True
4,180,LLE,0.8582258720034546,0.783250030703281,-0.07497584130017354,8,5,LLE,-1,True
5,180,LLE,0.8292270718734696,0.7179691178301335,-0.11125795404333605,9,3,LLE,-1,True
6,180,LLE,0.8833804778804246,0.8310357261870325,-0.052344751693392144,8,5,LLE,-1,True
7,180,LLE,0.8968692010464254,0.9358585816542112,0.038989380607785784,11,1,LLE,-1,False
8,180,LLE,0.9067144474475806,0.8419545747837551,-0.06475987266382544,9,3,LLE,-1,True
10,180,LLE,0.9494682769231326,0.8991544615355624,-0.05031381538757018,7,2,LLE,-1,True
11,180,LLE,0.9185620314004868,0.8624076458932002,-0.056154385507286575,5,6,LLE,-1,True
12,180,LLE,0.811936711953884,0.8286015246668043,0.016664812712920307,5,10,LLE,-1,False
14,180,LLE,0.8072589883293313,0.7509587882694901,-0.056300200059841154,8,4,LLE,-1,True
15,180,LLE,0.8292867816570391,0.8232743465395927,-0.006012435117446313,7,1,LLE,-1,True
17,180,LLE,0.8972652568987153,0.8548764593959692,-0.042388797502746045,9,4,LLE,-1,True
18,180,LLE,0.7490633192309588,0.7685628124730017,0.01949949324204292,5,6,LLE,-1,False
19,180,LLE,0.8820318022534263,0.7813240987634624,-0.10070770348996383,9,2,LLE,-1,True
21,180,LLE,0.732037566596335,0.7004813715614033,-0.03155619503493168,7,4,LLE,-1,True
22,180,LLE,0.7928449705775528,0.7817659992475559,-0.011078971329996912,8,3,LLE,-1,True
23,180,LLE,0.8866416940120309,0.8383374871933051,-0.048304206818725715,15,1,LLE,-1,True
25,180,LLE,0.9262252989181655,0.8052769964860191,-0.12094830243214638,6,4,LLE,-1,True
