session,state,duration_s,n_windows,metric,value
1,Awake,30,48,DET,0.9193849989611469
1,Drowsy,30,14,DET,0.9341626843964264
4,Awake,30,58,DET,0.6993137866500312
4,Drowsy,30,34,DET,0.7070076939072573
5,Awake,30,66,DET,0.7251263536532707
5,Drowsy,30,32,DET,0.7007020588896995
6,Awake,30,62,DET,0.7143896860054065
6,Drowsy,30,34,DET,0.6964025784986484
7,Awake,30,68,DET,0.7063838635891038
7,Drowsy,30,22,DET,0.6764400083177375
8,Awake,30,72,DET,0.7134539405281763
8,Drowsy,30,20,DET,0.7167810355583282
9,Awake,30,94,DET,0.6189823029662047
9,Drowsy,30,36,DET,0.6400751533389581
10,Awake,30,54,DET,0.7571220627989187
10,Drowsy,30,18,DET,0.7189644416718652
11,Awake,30,40,DET,0.7291536702017052
11,Drowsy,30,36,DET,0.6957787481804949
12,Awake,30,40,DET,0.6413318413088054
12,Drowsy,30,70,DET,0.6601334445371143
13,Awake,30,50,DET,0.7242952434444558
13,Drowsy,30,46,DET,0.7212315985900891
14,Awake,30,62,DET,0.7007693907257226
14,Drowsy,30,34,DET,0.6664587232272822
15,Awake,30,56,DET,0.715429403202329
15,Drowsy,30,12,DET,0.7267623206487835
17,Awake,30,56,DET,0.7168850072780204
17,Drowsy,30,28,DET,0.7139737991266375
18,Awake,30,38,DET,0.7009773341651071
18,Drowsy,30,42,DET,0.6592846745685174
19,Awake,30,68,DET,0.6934913703472656
19,Drowsy,30,20,DET,0.6776876689540445
21,Awake,30,50,DET,0.6474318985236016
21,Drowsy,30,30,DET,0.5961738407153254
22,Awake,30,58,DET,0.7364470391993327
22,Drowsy,30,26,DET,0.7062973161510464
23,Awake,30,98,DET,0.7156373466417134
23,Drowsy,30,26,DET,0.7061759201497193
25,Awake,30,54,DET,0.7446454564358493
25,Drowsy,30,30,DET,0.6738407153254315
1,Awake,60,24,DET,0.9191743526392172
1,Drowsy,60,7,DET,0.9390959137411996
4,Awake,60,29,DET,0.6958295340020156
4,Drowsy,60,17,DET,0.7143062820943514
5,Awake,60,33,DET,0.720497192494121
5,Drowsy,60,16,DET,0.6980371454623986
6,Awake,60,31,DET,0.7134904256850795
6,Drowsy,60,17,DET,0.6986610356577242
7,Awake,60,34,DET,0.7098910591735854
7,Drowsy,60,11,DET,0.6696261457983395
8,Awake,60,36,DET,0.720329222056918
8,Drowsy,60,10,DET,0.713538417238566
9,Awake,60,47,DET,0.5960550943034026
9,Drowsy,60,18,DET,0.6426788885156213
10,Awake,60,27,DET,0.7545711954695974
10,Drowsy,60,9,DET,0.7174257330709795
11,Awake,60,20,DET,0.7275519508566493
11,Drowsy,60,18,DET,0.6974612468205595
12,Awake,60,20,DET,0.6341727137296362
12,Drowsy,60,35,DET,0.6651929453601807
13,Awake,60,25,DET,0.7177616739453856
13,Drowsy,60,23,DET,0.7217449728847722
14,Awake,60,31,DET,0.7019244612948121
14,Drowsy,60,17,DET,0.6618515141335125
15,Awake,60,28,DET,0.7117387339828191
15,Drowsy,60,6,DET,0.7027163219273408
17,Awake,60,28,DET,0.7192254163267265
17,Drowsy,60,14,DET,0.7080193885876086
18,Awake,60,19,DET,0.6945817536113644
18,Drowsy,60,21,DET,0.6407352305994145
19,Awake,60,34,DET,0.6854153668954264
19,Drowsy,60,10,DET,0.6322407256322887
21,Awake,60,25,DET,0.6248500263953544
21,Drowsy,60,15,DET,0.5892882852617939
22,Awake,60,29,DET,0.7383500503911311
22,Drowsy,60,13,DET,0.703556174113356
23,Awake,60,49,DET,0.7085472956759611
23,Drowsy,60,13,DET,0.7015405288669194
25,Awake,60,27,DET,0.7424773239909775
25,Drowsy,60,15,DET,0.6899265729231655
1,Awake,120,11,DET,0.9198504444258526
1,Drowsy,120,1,DET,0.9350829566075348
4,Awake,120,13,DET,0.6865818165018941
4,Drowsy,120,7,DET,0.7017924789799501
5,Awake,120,14,DET,0.701189954063849
5,Drowsy,120,8,DET,0.6763001777428961
6,Awake,120,14,DET,0.708941605839416
6,Drowsy,120,7,DET,0.693846438140996
7,Awake,120,17,DET,0.7090686500970156
7,Drowsy,120,5,DET,0.667086297699344
8,Awake,120,17,DET,0.7190704980134898
8,Drowsy,120,5,DET,0.6997020234685393
9,Awake,120,19,DET,0.6024676254010757
9,Drowsy,120,10,DET,0.6225791186722375
10,Awake,120,12,DET,0.7559497703192447
10,Drowsy,120,4,DET,0.7180582165693312
11,Awake,120,9,DET,0.7195093781761065
11,Drowsy,120,8,DET,0.702167837013767
12,Awake,120,8,DET,0.6148422341310174
12,Drowsy,120,16,DET,0.6582047491453387
13,Awake,120,11,DET,0.7127028461946862
13,Drowsy,120,12,DET,0.7160153274393481
14,Awake,120,16,DET,0.6889725584403585
14,Drowsy,120,7,DET,0.6275177861960639
15,Awake,120,12,DET,0.7184814746373464
15,Drowsy,120,3,DET,0.6946549015984478
17,Awake,120,14,DET,0.7150397302041948
17,Drowsy,120,5,DET,0.7033170100711448
18,Awake,120,8,DET,0.6933819625585744
18,Drowsy,120,10,DET,0.6366773620184207
19,Awake,120,15,DET,0.6740957041619537
19,Drowsy,120,4,DET,0.6252337203665659
21,Awake,120,12,DET,0.6280383647653562
21,Drowsy,120,7,DET,0.562798642690612
22,Awake,120,13,DET,0.7374714341774198
22,Drowsy,120,6,DET,0.7166616652431845
23,Awake,120,22,DET,0.7066203457907251
23,Drowsy,120,4,DET,0.6900348560744212
25,Awake,120,12,DET,0.7417187968883452
25,Drowsy,120,7,DET,0.6416172295191709
1,Awake,180,6,DET,0.9149291598565346
1,Drowsy,180,1,DET,0.9367433157314368
4,Awake,180,8,DET,0.6828191265663082
4,Drowsy,180,5,DET,0.702324190941381
5,Awake,180,9,DET,0.6921806864626964
5,Drowsy,180,3,DET,0.6961564369172487
6,Awake,180,8,DET,0.7011942703398375
6,Drowsy,180,5,DET,0.6882837874127858
7,Awake,180,11,DET,0.708840235307232
7,Drowsy,180,1,DET,0.655779569211437
8,Awake,180,9,DET,0.7094685319645925
8,Drowsy,180,3,DET,0.6886080695585203
9,Awake,180,11,DET,0.5670129199228148
9,Drowsy,180,6,DET,0.6268416334510021
10,Awake,180,7,DET,0.7460331126834037
10,Drowsy,180,2,DET,0.7049638637203908
11,Awake,180,5,DET,0.7281046215272675
11,Drowsy,180,6,DET,0.6909287136639322
12,Awake,180,5,DET,0.6087849140771532
12,Drowsy,180,10,DET,0.6521518730673697
13,Awake,180,7,DET,0.7068934954696704
13,Drowsy,180,6,DET,0.7114542130293193
14,Awake,180,9,DET,0.7011081328948768
14,Drowsy,180,4,DET,0.6441839490471678
15,Awake,180,7,DET,0.7222067400017228
15,Drowsy,180,1,DET,0.6892870353011518
17,Awake,180,9,DET,0.7143124965165004
17,Drowsy,180,4,DET,0.7112850186715579
18,Awake,180,5,DET,0.6752394313410688
18,Drowsy,180,6,DET,0.6330179744437748
19,Awake,180,9,DET,0.6757533226252667
19,Drowsy,180,2,DET,0.5922329359188079
21,Awake,180,7,DET,0.6086443450647515
21,Drowsy,180,4,DET,0.5622394870522216
22,Awake,180,8,DET,0.7226065729031081
22,Drowsy,180,3,DET,0.7202337842560282
23,Awake,180,15,DET,0.7007551393538519
23,Drowsy,180,1,DET,0.6719929905240394
25,Awake,180,6,DET,0.7451040996356892
25,Drowsy,180,4,DET,0.6512497529882093
1,Awake,30,46,LLE,0.9217523173672392
1,Drowsy,30,14,LLE,0.7886182468929955
4,Awake,30,54,LLE,0.77534357073012
4,Drowsy,30,33,LLE,0.7246438384412777
5,Awake,30,61,LLE,0.7497816580718999
5,Drowsy,30,27,LLE,0.6695915861573749
6,Awake,30,59,LLE,0.8031761722936993
6,Drowsy,30,33,LLE,0.7679226939470937
7,Awake,30,64,LLE,0.821678892322216
7,Drowsy,30,18,LLE,0.8198375744975208
8,Awake,30,69,LLE,0.8125690723460667
8,Drowsy,30,19,LLE,0.8018485320275643
9,Awake,30,67,LLE,0.7321351396144142
9,Drowsy,30,32,LLE,0.7576218393472056
10,Awake,30,52,LLE,0.8488220686554724
10,Drowsy,30,17,LLE,0.8067605922068306
11,Awake,30,37,LLE,0.83663420842998
11,Drowsy,30,34,LLE,0.7775763896891309
12,Awake,30,36,LLE,0.7115182753997868
12,Drowsy,30,63,LLE,0.7425025530230169
13,Awake,30,49,LLE,0.7532939495350821
13,Drowsy,30,44,LLE,0.7529784311142607
14,Awake,30,49,LLE,0.754957621063566
14,Drowsy,30,26,LLE,0.6780676364091117
15,Awake,30,52,LLE,0.7658823793765789
15,Drowsy,30,9,LLE,0.7398004183162254
17,Awake,30,55,LLE,0.822125082147458
17,Drowsy,30,26,LLE,0.8046166693058223
18,Awake,30,34,LLE,0.6711912392903558
18,Drowsy,30,34,LLE,0.7456400188323207
19,Awake,30,64,LLE,0.7800951753416658
19,Drowsy,30,19,LLE,0.7471124707080972
21,Awake,30,41,LLE,0.7354556557487071
21,Drowsy,30,23,LLE,0.6585609955088374
22,Awake,30,57,LLE,0.7362197312357631
22,Drowsy,30,25,LLE,0.704240823722131
23,Awake,30,96,LLE,0.7964658687206745
23,Drowsy,30,26,LLE,0.7940669558707072
25,Awake,30,47,LLE,0.8717748215429214
25,Drowsy,30,27,LLE,0.7874397636462798
1,Awake,60,24,LLE,0.9363806938428474
1,Drowsy,60,7,LLE,0.8508454421393316
4,Awake,60,29,LLE,0.8082048466294136
4,Drowsy,60,17,LLE,0.7588513260015309
5,Awake,60,33,LLE,0.7628833744483251
5,Drowsy,60,16,LLE,0.6941292190349919
6,Awake,60,30,LLE,0.8256898204542096
6,Drowsy,60,17,LLE,0.8046403291096984
7,Awake,60,34,LLE,0.8573768180858816
7,Drowsy,60,10,LLE,0.8043501494244537
8,Awake,60,36,LLE,0.8532027863391012
8,Drowsy,60,10,LLE,0.8126271798539587
9,Awake,60,40,LLE,0.7538726860565607
9,Drowsy,60,17,LLE,0.7618431815094404
10,Awake,60,27,LLE,0.890667318503439
10,Drowsy,60,9,LLE,0.829442190014108
11,Awake,60,19,LLE,0.8437742721121827
11,Drowsy,60,18,LLE,0.8188726761024433
12,Awake,60,20,LLE,0.769740121608089
12,Drowsy,60,33,LLE,0.7728564744125314
13,Awake,60,25,LLE,0.783438033774116
13,Drowsy,60,23,LLE,0.8029733650544364
14,Awake,60,26,LLE,0.8018279192614624
14,Drowsy,60,14,LLE,0.7100971948676058
15,Awake,60,28,LLE,0.7904421506962169
15,Drowsy,60,6,LLE,0.7864602959518863
17,Awake,60,28,LLE,0.8494964506349506
17,Drowsy,60,14,LLE,0.8192815444903421
18,Awake,60,18,LLE,0.7094166847443069
18,Drowsy,60,20,LLE,0.7559050314396178
19,Awake,60,33,LLE,0.8136185800827452
19,Drowsy,60,10,LLE,0.7790534640443186
21,Awake,60,24,LLE,0.7233579537881958
21,Drowsy,60,13,LLE,0.6689893837927872
22,Awake,60,29,LLE,0.7504517549863553
22,Drowsy,60,12,LLE,0.7213318356713982
23,Awake,60,49,LLE,0.8562690574170972
23,Drowsy,60,13,LLE,0.814895336130383
25,Awake,60,27,LLE,0.8753285532282131
25,Drowsy,60,14,LLE,0.8104998271738018
1,Awake,120,11,LLE,0.9769404470775888
1,Drowsy,120,1,LLE,0.8865572444971673
4,Awake,120,13,LLE,0.8359409794691308
4,Drowsy,120,7,LLE,0.795048649645683
5,Awake,120,14,LLE,0.7933285624530071
5,Drowsy,120,8,LLE,0.6997967002475929
6,Awake,120,14,LLE,0.8569064575022243
6,Drowsy,120,7,LLE,0.8450022455629663
7,Awake,120,17,LLE,0.9152161007632498
7,Drowsy,120,5,LLE,0.8928163770126064
8,Awake,120,17,LLE,0.9008096275401364
8,Drowsy,120,5,LLE,0.8348151746487533
9,Awake,120,18,LLE,0.7968954084062181
9,Drowsy,120,10,LLE,0.7760709208400753
10,Awake,120,12,LLE,0.9196125444838339
10,Drowsy,120,4,LLE,0.8675336559697198
11,Awake,120,9,LLE,0.881616181040685
11,Drowsy,120,8,LLE,0.8340806913128905
12,Awake,120,8,LLE,0.7657247837939549
12,Drowsy,120,16,LLE,0.8122342185671041
13,Awake,120,11,LLE,0.8458901039669148
13,Drowsy,120,12,LLE,0.8457729061566157
14,Awake,120,13,LLE,0.8109921107654257
14,Drowsy,120,7,LLE,0.721413404408872
15,Awake,120,12,LLE,0.8267979881125382
15,Drowsy,120,3,LLE,0.8135360198797702
17,Awake,120,14,LLE,0.8838637177985296
17,Drowsy,120,5,LLE,0.8607571010047175
18,Awake,120,8,LLE,0.7403821489488904
18,Drowsy,120,9,LLE,0.8314792593545535
19,Awake,120,15,LLE,0.8420505107919187
19,Drowsy,120,4,LLE,0.8049056662356782
21,Awake,120,11,LLE,0.7665037545718868
21,Drowsy,120,7,LLE,0.6801811875693503
22,Awake,120,13,LLE,0.7968323669093442
22,Drowsy,120,6,LLE,0.7446300628818431
23,Awake,120,22,LLE,0.8771924251689436
23,Drowsy,120,4,LLE,0.8252659392829577
25,Awake,120,12,LLE,0.9072913834452421
25,Drowsy,120,7,LLE,0.8061399458489273
1,Awake,180,6,LLE,1.0023481304664883
1,Drowsy,180,1,LLE,0.9529625256358444
4,Awake,180,8,LLE,0.8582258720034546
4,Drowsy,180,5,LLE,0.783250030703281
5,Awake,180,9,LLE,0.8292270718734696
5,Drowsy,180,3,LLE,0.7179691178301335
6,Awake,180,8,LLE,0.8833804778804246
6,Drowsy,180,5,LLE,0.8310357261870325
7,Awake,180,11,LLE,0.8968692010464254
7,Drowsy,180,1,LLE,0.9358585816542112
8,Awake,180,9,LLE,0.9067144474475806
8,Drowsy,180,3,LLE,0.8419545747837551
9,Awake,180,11,LLE,0.8226810407371715
9,Drowsy,180,6,LLE,0.7621877188226973
10,Awake,180,7,LLE,0.9494682769231326
10,Drowsy,180,2,LLE,0.8991544615355624
11,Awake,180,5,LLE,0.9185620314004868
11,Drowsy,180,6,LLE,0.8624076458932002
12,Awake,180,5,LLE,0.811936711953884
12,Drowsy,180,10,LLE,0.8286015246668043
13,Awake,180,7,LLE,0.858549644474749
13,Drowsy,180,6,LLE,0.8804361292183126
14,Awake,180,8,LLE,0.8072589883293313
14,Drowsy,180,4,LLE,0.7509587882694901
15,Awake,180,7,LLE,0.8292867816570391
15,Drowsy,180,1,LLE,0.8232743465395927
17,Awake,180,9,LLE,0.8972652568987153
17,Drowsy,180,4,LLE,0.8548764593959692
18,Awake,180,5,LLE,0.7490633192309588
18,Drowsy,180,6,LLE,0.7685628124730017
19,Awake,180,9,LLE,0.8820318022534263
19,Drowsy,180,2,LLE,0.7813240987634624
21,Awake,180,7,LLE,0.732037566596335
21,Drowsy,180,4,LLE,0.7004813715614033
22,Awake,180,8,LLE,0.7928449705775528
22,Drowsy,180,3,LLE,0.7817659992475559
23,Awake,180,15,LLE,0.8866416940120309
23,Drowsy,180,1,LLE,0.8383374871933051
25,Awake,180,6,LLE,0.9262252989181655
25,Drowsy,180,4,LLE,0.8052769964860191
1,Awake,30,48,Mean_CC,0.6888185262413986
1,Drowsy,30,14,Mean_CC,0.7150603348873674
4,Awake,30,58,Mean_CC,0.62808301763098
4,Drowsy,30,34,Mean_CC,0.6546533020843065
5,Awake,30,66,Mean_CC,0.6639870971583023
5,Drowsy,30,32,Mean_CC,0.60485720832147
6,Awake,30,62,Mean_CC,0.6860936649712861
6,Drowsy,30,34,Mean_CC,0.7128097102414381
7,Awake,30,68,Mean_CC,0.712211813171615
7,Drowsy,30,22,Mean_CC,0.6286907360354858
8,Awake,30,72,Mean_CC,0.7093900643469377
8,Drowsy,30,20,Mean_CC,0.6733531621468816
9,Awake,30,94,Mean_CC,0.6834248978687315
9,Drowsy,30,36,Mean_CC,0.6808705997825685
10,Awake,30,54,Mean_CC,0.7518359485710193
10,Drowsy,30,18,Mean_CC,0.6550844041790171
11,Awake,30,40,Mean_CC,0.6976334354682461
11,Drowsy,30,36,Mean_CC,0.6300696135069589
12,Awake,30,40,Mean_CC,0.699685065755494
12,Drowsy,30,70,Mean_CC,0.6870893595256271
13,Awake,30,50,Mean_CC,0.6401719572588422
13,Drowsy,30,46,Mean_CC,0.6233711864566681
14,Awake,30,62,Mean_CC,0.662018707025691
14,Drowsy,30,34,Mean_CC,0.5816060857429333
15,Awake,30,56,Mean_CC,0.6679773600810093
15,Drowsy,30,12,Mean_CC,0.6615852464079373
17,Awake,30,56,Mean_CC,0.6469102076490341
17,Drowsy,30,28,Mean_CC,0.7316406920025195
18,Awake,30,38,Mean_CC,0.7286525581668982
18,Drowsy,30,42,Mean_CC,0.6381318082595224
19,Awake,30,68,Mean_CC,0.722652843331258
19,Drowsy,30,20,Mean_CC,0.7298347451604841
21,Awake,30,50,Mean_CC,0.6080967108861574
21,Drowsy,30,30,Mean_CC,0.6028712892166359
22,Awake,30,58,Mean_CC,0.7088794122982728
22,Drowsy,30,26,Mean_CC,0.6340483538948685
23,Awake,30,98,Mean_CC,0.6185555841124302
23,Drowsy,30,26,Mean_CC,0.6061559205292784
25,Awake,30,54,Mean_CC,0.7288932566378883
25,Drowsy,30,30,Mean_CC,0.6270846603656162
1,Awake,60,24,Mean_CC,0.7162572792370095
1,Drowsy,60,7,Mean_CC,0.7371784571491848
4,Awake,60,29,Mean_CC,0.624877585725933
4,Drowsy,60,17,Mean_CC,0.6617064624683453
5,Awake,60,33,Mean_CC,0.6614714043014197
5,Drowsy,60,16,Mean_CC,0.6256650285960395
6,Awake,60,31,Mean_CC,0.6907542112070781
6,Drowsy,60,17,Mean_CC,0.673492348793435
7,Awake,60,34,Mean_CC,0.7097277092543911
7,Drowsy,60,11,Mean_CC,0.6412090240001522
8,Awake,60,36,Mean_CC,0.7251074065978171
8,Drowsy,60,10,Mean_CC,0.6733816672694368
9,Awake,60,47,Mean_CC,0.6737099746084309
9,Drowsy,60,18,Mean_CC,0.6836914526407016
10,Awake,60,27,Mean_CC,0.7489728173169774
10,Drowsy,60,9,Mean_CC,0.6772056352606055
11,Awake,60,20,Mean_CC,0.6872602908430605
11,Drowsy,60,18,Mean_CC,0.6553255230883006
12,Awake,60,20,Mean_CC,0.7288506474216
12,Drowsy,60,35,Mean_CC,0.6885203529436704
13,Awake,60,25,Mean_CC,0.6570406918989898
13,Drowsy,60,23,Mean_CC,0.6628641325798544
14,Awake,60,31,Mean_CC,0.67273088774744
14,Drowsy,60,17,Mean_CC,0.605526975701356
15,Awake,60,28,Mean_CC,0.6838887782431654
15,Drowsy,60,6,Mean_CC,0.674000131067526
17,Awake,60,28,Mean_CC,0.6670946034022217
17,Drowsy,60,14,Mean_CC,0.7669144948087139
18,Awake,60,19,Mean_CC,0.7282510079416141
18,Drowsy,60,21,Mean_CC,0.656110216840678
19,Awake,60,34,Mean_CC,0.74088998806926
19,Drowsy,60,10,Mean_CC,0.6979540882647801
21,Awake,60,25,Mean_CC,0.6222530782241327
21,Drowsy,60,15,Mean_CC,0.6164385279868347
22,Awake,60,29,Mean_CC,0.7339079917855992
22,Drowsy,60,13,Mean_CC,0.6256966490326951
23,Awake,60,49,Mean_CC,0.6415341453410874
23,Drowsy,60,13,Mean_CC,0.6386521821538151
25,Awake,60,27,Mean_CC,0.7330552550742705
25,Drowsy,60,15,Mean_CC,0.6640794981577091
1,Awake,120,11,Mean_CC,0.7154089693109362
1,Drowsy,120,1,Mean_CC,0.7565828183399048
4,Awake,120,13,Mean_CC,0.629429135809723
4,Drowsy,120,7,Mean_CC,0.6589711756089522
5,Awake,120,14,Mean_CC,0.6657312215862649
5,Drowsy,120,8,Mean_CC,0.6381661376156461
6,Awake,120,14,Mean_CC,0.6964546620275125
6,Drowsy,120,7,Mean_CC,0.6859222879320346
7,Awake,120,17,Mean_CC,0.7106037241263272
7,Drowsy,120,5,Mean_CC,0.6502510333057159
8,Awake,120,17,Mean_CC,0.7250910221799042
8,Drowsy,120,5,Mean_CC,0.6870175403484693
9,Awake,120,19,Mean_CC,0.6938398146042322
9,Drowsy,120,10,Mean_CC,0.6572158040793105
10,Awake,120,12,Mean_CC,0.7581054203838744
10,Drowsy,120,4,Mean_CC,0.6851238099135921
11,Awake,120,9,Mean_CC,0.6926946836428631
11,Drowsy,120,8,Mean_CC,0.6660112069324238
12,Awake,120,8,Mean_CC,0.7173056912978918
12,Drowsy,120,16,Mean_CC,0.6914853556429468
13,Awake,120,11,Mean_CC,0.6619735453079305
13,Drowsy,120,12,Mean_CC,0.676774009499233
14,Awake,120,16,Mean_CC,0.6754533063038286
14,Drowsy,120,7,Mean_CC,0.586318722039853
15,Awake,120,12,Mean_CC,0.6869180342341475
15,Drowsy,120,3,Mean_CC,0.6662803421155523
17,Awake,120,14,Mean_CC,0.6701673066380563
17,Drowsy,120,5,Mean_CC,0.7357604926106451
18,Awake,120,8,Mean_CC,0.7290715003711323
18,Drowsy,120,10,Mean_CC,0.6746950905735599
19,Awake,120,15,Mean_CC,0.7439553811408532
19,Drowsy,120,4,Mean_CC,0.7002480877719278
21,Awake,120,12,Mean_CC,0.6303045578004353
21,Drowsy,120,7,Mean_CC,0.6292417545638613
22,Awake,120,13,Mean_CC,0.7460625826874471
22,Drowsy,120,6,Mean_CC,0.6602515109252801
23,Awake,120,22,Mean_CC,0.659214697757677
23,Drowsy,120,4,Mean_CC,0.6348419720346413
25,Awake,120,12,Mean_CC,0.7430894254748006
25,Drowsy,120,7,Mean_CC,0.6754201272038416
1,Awake,180,6,Mean_CC,0.7064346030897337
1,Drowsy,180,1,Mean_CC,0.7450928007593913
4,Awake,180,8,Mean_CC,0.6372297253925505
4,Drowsy,180,5,Mean_CC,0.6843605567552415
5,Awake,180,9,Mean_CC,0.6783284158823635
5,Drowsy,180,3,Mean_CC,0.6183688478207006
6,Awake,180,8,Mean_CC,0.7101813822423437
6,Drowsy,180,5,Mean_CC,0.6783740218845673
7,Awake,180,11,Mean_CC,0.7188109514971689
7,Drowsy,180,1,Mean_CC,0.6385327346568899
8,Awake,180,9,Mean_CC,0.7343067286562827
8,Drowsy,180,3,Mean_CC,0.6861456985448996
9,Awake,180,11,Mean_CC,0.6953899869163036
9,Drowsy,180,6,Mean_CC,0.6666608893908185
10,Awake,180,7,Mean_CC,0.765532353382835
10,Drowsy,180,2,Mean_CC,0.6711139057548391
11,Awake,180,5,Mean_CC,0.7031454429098455
11,Drowsy,180,6,Mean_CC,0.6818398114856667
12,Awake,180,5,Mean_CC,0.7200906923830727
12,Drowsy,180,10,Mean_CC,0.6787629468713495
13,Awake,180,7,Mean_CC,0.6721170828527786
13,Drowsy,180,6,Mean_CC,0.6824228926928124
14,Awake,180,9,Mean_CC,0.6772196637096596
14,Drowsy,180,4,Mean_CC,0.6312526025751586
15,Awake,180,7,Mean_CC,0.6921641748838869
15,Drowsy,180,1,Mean_CC,0.6210291231679055
17,Awake,180,9,Mean_CC,0.6860345751828486
17,Drowsy,180,4,Mean_CC,0.7347709096281636
18,Awake,180,5,Mean_CC,0.7252896002278204
18,Drowsy,180,6,Mean_CC,0.6701683211826307
19,Awake,180,9,Mean_CC,0.7525085626664626
19,Drowsy,180,2,Mean_CC,0.6879468998101355
21,Awake,180,7,Mean_CC,0.6194495043638656
21,Drowsy,180,4,Mean_CC,0.6254790012157564
22,Awake,180,8,Mean_CC,0.7365509880406172
22,Drowsy,180,3,Mean_CC,0.6894085872163593
23,Awake,180,15,Mean_CC,0.660208002498564
23,Drowsy,180,1,Mean_CC,0.654851316192653
25,Awake,180,6,Mean_CC,0.7273552915690625
25,Drowsy,180,4,Mean_CC,0.6831482680207667
1,Awake,30,48,Mean_NRMSE,0.6186114532644379
1,Drowsy,30,14,Mean_NRMSE,0.6085096768898428
4,Awake,30,58,Mean_NRMSE,0.696713979338009
4,Drowsy,30,34,Mean_NRMSE,0.6858219408624113
5,Awake,30,66,Mean_NRMSE,0.6642932722732049
5,Drowsy,30,32,Mean_NRMSE,0.7352575252926559
6,Awake,30,62,Mean_NRMSE,0.6445339248781881
6,Drowsy,30,34,Mean_NRMSE,0.6425688520602977
7,Awake,30,68,Mean_NRMSE,0.6366645309272652
7,Drowsy,30,22,Mean_NRMSE,0.7021936464442089
8,Awake,30,72,Mean_NRMSE,0.6251465836924883
8,Drowsy,30,20,Mean_NRMSE,0.6629377474268248
9,Awake,30,94,Mean_NRMSE,0.6583434081333017
9,Drowsy,30,36,Mean_NRMSE,0.6548724777639923
10,Awake,30,54,Mean_NRMSE,0.6068389630534776
10,Drowsy,30,18,Mean_NRMSE,0.6721142783308438
11,Awake,30,40,Mean_NRMSE,0.6476494267734811
11,Drowsy,30,36,Mean_NRMSE,0.6813068603848704
12,Awake,30,40,Mean_NRMSE,0.6213563481541242
12,Drowsy,30,70,Mean_NRMSE,0.6418811838038193
13,Awake,30,50,Mean_NRMSE,0.6952549547092797
13,Drowsy,30,46,Mean_NRMSE,0.7060535830320886
14,Awake,30,62,Mean_NRMSE,0.6761807456278901
14,Drowsy,30,34,Mean_NRMSE,0.7218969474675511
15,Awake,30,56,Mean_NRMSE,0.6722838909474763
15,Drowsy,30,12,Mean_NRMSE,0.6862452182103889
17,Awake,30,56,Mean_NRMSE,0.684059391286324
17,Drowsy,30,28,Mean_NRMSE,0.6175656420364375
18,Awake,30,38,Mean_NRMSE,0.6084195040359196
18,Drowsy,30,42,Mean_NRMSE,0.6794507788354334
19,Awake,30,68,Mean_NRMSE,0.5957544306626539
19,Drowsy,30,20,Mean_NRMSE,0.5995156412927263
21,Awake,30,50,Mean_NRMSE,0.7170614335479415
21,Drowsy,30,30,Mean_NRMSE,0.7037508510667334
22,Awake,30,58,Mean_NRMSE,0.6230969829185768
22,Drowsy,30,26,Mean_NRMSE,0.7075593636695396
23,Awake,30,98,Mean_NRMSE,0.7112627486923679
23,Drowsy,30,26,Mean_NRMSE,0.7312880099959033
25,Awake,30,54,Mean_NRMSE,0.6144870724877118
25,Drowsy,30,30,Mean_NRMSE,0.6795709760383668
1,Awake,60,24,Mean_NRMSE,0.5869624912226548
1,Drowsy,60,7,Mean_NRMSE,0.5828411291316169
4,Awake,60,29,Mean_NRMSE,0.6897510372729564
4,Drowsy,60,17,Mean_NRMSE,0.6695737957268743
5,Awake,60,33,Mean_NRMSE,0.6760308109864472
5,Drowsy,60,16,Mean_NRMSE,0.7057123193528857
6,Awake,60,31,Mean_NRMSE,0.6378294225863771
6,Drowsy,60,17,Mean_NRMSE,0.6669952400625656
7,Awake,60,34,Mean_NRMSE,0.6310717421575701
7,Drowsy,60,11,Mean_NRMSE,0.6882946488690981
8,Awake,60,36,Mean_NRMSE,0.6123646339395816
8,Drowsy,60,10,Mean_NRMSE,0.6549590712218997
9,Awake,60,47,Mean_NRMSE,0.6460810955913411
9,Drowsy,60,18,Mean_NRMSE,0.6507363915121016
10,Awake,60,27,Mean_NRMSE,0.591607143150853
10,Drowsy,60,9,Mean_NRMSE,0.6404262962050152
11,Awake,60,20,Mean_NRMSE,0.6404791012823232
11,Drowsy,60,18,Mean_NRMSE,0.6695963634030622
12,Awake,60,20,Mean_NRMSE,0.595360993896853
12,Drowsy,60,35,Mean_NRMSE,0.6324608592304831
13,Awake,60,25,Mean_NRMSE,0.6827985010124599
13,Drowsy,60,23,Mean_NRMSE,0.6763973392585352
14,Awake,60,31,Mean_NRMSE,0.6525578110304431
14,Drowsy,60,17,Mean_NRMSE,0.712341138917536
15,Awake,60,28,Mean_NRMSE,0.6523256205260942
15,Drowsy,60,6,Mean_NRMSE,0.6644696041180012
17,Awake,60,28,Mean_NRMSE,0.6735027958582495
17,Drowsy,60,14,Mean_NRMSE,0.5821621130161525
18,Awake,60,19,Mean_NRMSE,0.6028285093532119
18,Drowsy,60,21,Mean_NRMSE,0.6643274028990978
19,Awake,60,34,Mean_NRMSE,0.5706599558491487
19,Drowsy,60,10,Mean_NRMSE,0.6306689497222546
21,Awake,60,25,Mean_NRMSE,0.7005008034797497
21,Drowsy,60,15,Mean_NRMSE,0.6978128399213323
22,Awake,60,29,Mean_NRMSE,0.6046340713684941
22,Drowsy,60,13,Mean_NRMSE,0.6907875120702804
23,Awake,60,49,Mean_NRMSE,0.6897133221406468
23,Drowsy,60,13,Mean_NRMSE,0.6943603275645931
25,Awake,60,27,Mean_NRMSE,0.5890536361793575
25,Drowsy,60,15,Mean_NRMSE,0.6541436439211925
1,Awake,120,11,Mean_NRMSE,0.579120559292176
1,Drowsy,120,1,Mean_NRMSE,0.5455213957390493
4,Awake,120,13,Mean_NRMSE,0.6810342823660244
4,Drowsy,120,7,Mean_NRMSE,0.6523286919484128
5,Awake,120,14,Mean_NRMSE,0.657763712255664
5,Drowsy,120,8,Mean_NRMSE,0.6979073676421401
6,Awake,120,14,Mean_NRMSE,0.6300125040982795
6,Drowsy,120,7,Mean_NRMSE,0.6490762142314845
7,Awake,120,17,Mean_NRMSE,0.6205637069826181
7,Drowsy,120,5,Mean_NRMSE,0.6717599359908558
8,Awake,120,17,Mean_NRMSE,0.6020039004644419
8,Drowsy,120,5,Mean_NRMSE,0.6389883678448213
9,Awake,120,19,Mean_NRMSE,0.621780712724702
9,Drowsy,120,10,Mean_NRMSE,0.6567722900455508
10,Awake,120,12,Mean_NRMSE,0.5771847694388056
10,Drowsy,120,4,Mean_NRMSE,0.631565174907316
11,Awake,120,9,Mean_NRMSE,0.6275862942951466
11,Drowsy,120,8,Mean_NRMSE,0.6526958058130423
12,Awake,120,8,Mean_NRMSE,0.5934985237157159
12,Drowsy,120,16,Mean_NRMSE,0.6226576867348846
13,Awake,120,11,Mean_NRMSE,0.6648790097829954
13,Drowsy,120,12,Mean_NRMSE,0.6555524502161187
14,Awake,120,16,Mean_NRMSE,0.6498204900994525
14,Drowsy,120,7,Mean_NRMSE,0.7271323799883902
15,Awake,120,12,Mean_NRMSE,0.6441720454594823
15,Drowsy,120,3,Mean_NRMSE,0.6672298138822562
17,Awake,120,14,Mean_NRMSE,0.6594531791655465
17,Drowsy,120,5,Mean_NRMSE,0.5989682305416678
18,Awake,120,8,Mean_NRMSE,0.5988123760727541
18,Drowsy,120,10,Mean_NRMSE,0.646677330785158
19,Awake,120,15,Mean_NRMSE,0.556257298065658
19,Drowsy,120,4,Mean_NRMSE,0.6133388275159889
21,Awake,120,12,Mean_NRMSE,0.6847297017797213
21,Drowsy,120,7,Mean_NRMSE,0.680787019421452
22,Awake,120,13,Mean_NRMSE,0.5865766944730927
22,Drowsy,120,6,Mean_NRMSE,0.666187700420776
23,Awake,120,22,Mean_NRMSE,0.6636933793733467
23,Drowsy,120,4,Mean_NRMSE,0.6838561340953936
25,Awake,120,12,Mean_NRMSE,0.575489140691356
25,Drowsy,120,7,Mean_NRMSE,0.6389058903754269
1,Awake,180,6,Mean_NRMSE,0.5834696846245111
1,Drowsy,180,1,Mean_NRMSE,0.5478757002759884
4,Awake,180,8,Mean_NRMSE,0.6722149092294469
4,Drowsy,180,5,Mean_NRMSE,0.641047140059664
5,Awake,180,9,Mean_NRMSE,0.6493834175351524
5,Drowsy,180,3,Mean_NRMSE,0.7128100777567767
6,Awake,180,8,Mean_NRMSE,0.6206818535489868
6,Drowsy,180,5,Mean_NRMSE,0.6481292251856745
7,Awake,180,11,Mean_NRMSE,0.6128517686301209
7,Drowsy,180,1,Mean_NRMSE,0.6701611364533786
8,Awake,180,9,Mean_NRMSE,0.5896934395255449
8,Drowsy,180,3,Mean_NRMSE,0.6314136831906125
9,Awake,180,11,Mean_NRMSE,0.6228042500352772
9,Drowsy,180,6,Mean_NRMSE,0.6488088157016162
10,Awake,180,7,Mean_NRMSE,0.5696008034178125
10,Drowsy,180,2,Mean_NRMSE,0.6375580656944161
11,Awake,180,5,Mean_NRMSE,0.6145820631046521
11,Drowsy,180,6,Mean_NRMSE,0.6387587673388075
12,Awake,180,5,Mean_NRMSE,0.5920824148755961
12,Drowsy,180,10,Mean_NRMSE,0.6245534314191161
13,Awake,180,7,Mean_NRMSE,0.6535662447216924
13,Drowsy,180,6,Mean_NRMSE,0.6485411630143196
14,Awake,180,9,Mean_NRMSE,0.6522771545801467
14,Drowsy,180,4,Mean_NRMSE,0.6839958430713436
15,Awake,180,7,Mean_NRMSE,0.6312440462875882
15,Drowsy,180,1,Mean_NRMSE,0.7027207312540155
17,Awake,180,9,Mean_NRMSE,0.6441338796733613
17,Drowsy,180,4,Mean_NRMSE,0.5960978034096258
18,Awake,180,5,Mean_NRMSE,0.5993007172449419
18,Drowsy,180,6,Mean_NRMSE,0.6499252631288049
19,Awake,180,9,Mean_NRMSE,0.5453567428607209
19,Drowsy,180,2,Mean_NRMSE,0.6245725810487401
21,Awake,180,7,Mean_NRMSE,0.6927225281786942
21,Drowsy,180,4,Mean_NRMSE,0.6793131550044285
22,Awake,180,8,Mean_NRMSE,0.5918958896662403
22,Drowsy,180,3,Mean_NRMSE,0.6294423163293423
23,Awake,180,15,Mean_NRMSE,0.659426333145457
23,Drowsy,180,1,Mean_NRMSE,0.6725433734581782
25,Awake,180,6,Mean_NRMSE,0.5883238383949908
25,Drowsy,180,4,Mean_NRMSE,0.6306674949303085
