session,state,metric,median_delta_pps,median_surrogate_iqr,median_surrogate_sd,rejection_fraction,fraction_delta_positive,fraction_delta_negative,fraction_delta_zero,n_valid_windows
1,Awake,CC,0.12794026453917362,0.06253022490626434,0.0443376372713936,0.5416666666666666,0.9583333333333334,0.041666666666666664,0.0,24
1,Awake,DET,0.09952384950286064,0.013103133957806157,0.0099217842154572,1.0,1.0,0.0,0.0,24
1,Awake,LAM,-0.0930922196768893,0.01863223670796499,0.015249513509739,0.75,0.041666666666666664,0.9583333333333334,0.0,24
1,Awake,Lmean,1.4076819495785426,0.09606832285925071,0.0752043124876039,1.0,1.0,0.0,0.0,24
1,Awake,NRMSE,-0.17791138479832608,0.039279538393482916,0.03094809182741955,0.9583333333333334,0.0,1.0,0.0,24
1,Awake,TT,-0.37478271995287415,0.09110165989734353,0.06395419337959621,1.0,0.0,1.0,0.0,24
1,Drowsy,CC,0.13368277193823885,0.06329623773355875,0.0457957643202441,0.7142857142857143,1.0,0.0,0.0,7
1,Drowsy,DET,0.10535279513534923,0.012983196804874253,0.0104565042452787,1.0,1.0,0.0,0.0,7
1,Drowsy,LAM,-0.046319728462285714,0.016332441800496533,0.0117637091525185,0.8571428571428571,0.14285714285714285,0.8571428571428571,0.0,7
1,Drowsy,Lmean,1.7038826184517024,0.1184960959148178,0.0845454488339628,1.0,1.0,0.0,0.0,7
1,Drowsy,NRMSE,-0.18851434506026743,0.03819114366067855,0.0305052547687036,1.0,0.0,1.0,0.0,7
1,Drowsy,TT,-0.39290767100757584,0.11020227338546462,0.0779243486175635,1.0,0.0,1.0,0.0,7
4,Awake,CC,0.12753668309549998,0.055221366285054585,0.047291990545399,0.6206896551724138,1.0,0.0,0.0,29
4,Awake,DET,0.19921293852281996,0.02365983586888709,0.0184337183915303,1.0,1.0,0.0,0.0,29
4,Awake,LAM,-0.15582857417094592,0.0385732111148438,0.0272472311106221,1.0,0.0,1.0,0.0,29
4,Awake,Lmean,1.1209819028017614,0.09543345673866721,0.0733327822482684,1.0,1.0,0.0,0.0,29
4,Awake,NRMSE,-0.13695862838375983,0.03045196769886105,0.0256815312840158,1.0,0.0,1.0,0.0,29
4,Awake,TT,-0.16139790226191142,0.04155152849240862,0.0287329075000503,1.0,0.0,1.0,0.0,29
4,Drowsy,CC,0.12587787299669062,0.06514711118258354,0.0476696475883572,0.5882352941176471,1.0,0.0,0.0,17
4,Drowsy,DET,0.19801314968565537,0.024115755627009627,0.0182376723132677,1.0,1.0,0.0,0.0,17
4,Drowsy,LAM,-0.16657868215194133,0.03839324278926903,0.029789107581188,1.0,0.0,1.0,0.0,17
4,Drowsy,Lmean,1.151808592079941,0.08266487546660795,0.0675799107815156,1.0,1.0,0.0,0.0,17
4,Drowsy,NRMSE,-0.13720061307727272,0.031045553602278897,0.0306253415326117,1.0,0.0,1.0,0.0,17
4,Drowsy,TT,-0.1433109019376122,0.032656978903526035,0.0282218620460977,1.0,0.0,1.0,0.0,17
5,Awake,CC,0.1296165402892408,0.06427854765319152,0.046455947933458,0.6060606060606061,1.0,0.0,0.0,33
5,Awake,DET,0.1944137831741613,0.023347890771224344,0.018343815156002,1.0,1.0,0.0,0.0,33
5,Awake,LAM,-0.10985266593079623,0.032694245812737055,0.0267722524780995,0.8484848484848485,0.030303030303030304,0.9696969696969697,0.0,33
5,Awake,Lmean,1.2418705795614975,0.10769894724077833,0.0796446512035681,1.0,1.0,0.0,0.0,33
5,Awake,NRMSE,-0.12786756240106067,0.03729120083578552,0.0279622199891035,0.9696969696969697,0.0,1.0,0.0,33
5,Awake,TT,-0.13296482583365687,0.03683885461476599,0.0291230596558627,0.9696969696969697,0.0,1.0,0.0,33
5,Drowsy,CC,0.16404578806813214,0.05813361575722137,0.04343368997691015,0.75,1.0,0.0,0.0,16
5,Drowsy,DET,0.1984690694437779,0.029550799059365584,0.0220852585597808,1.0,1.0,0.0,0.0,16
5,Drowsy,LAM,-0.10585736910303792,0.035813696789365024,0.0263363593701015,0.875,0.0625,0.9375,0.0,16
5,Drowsy,Lmean,1.0849695985040373,0.10334175739782969,0.07659974014944135,1.0,1.0,0.0,0.0,16
5,Drowsy,NRMSE,-0.16053199379367833,0.027780074741449612,0.022916387865629752,0.9375,0.0,1.0,0.0,16
5,Drowsy,TT,-0.11984241293146325,0.04226928561081,0.02935313708261315,0.875,0.0,1.0,0.0,16
6,Awake,CC,0.10114835794236432,0.05866171979773793,0.0472190059988224,0.5483870967741935,1.0,0.0,0.0,31
6,Awake,DET,0.17291356721217066,0.022867975236358418,0.0169105212210273,1.0,1.0,0.0,0.0,31
6,Awake,LAM,-0.1260018236790325,0.03304218457551478,0.0238271781074301,0.967741935483871,0.0,1.0,0.0,31
6,Awake,Lmean,1.180936582701892,0.0882375060690932,0.0764047710113747,1.0,1.0,0.0,0.0,31
6,Awake,NRMSE,-0.11972838765185112,0.03572251446769137,0.0277029301776401,0.9032258064516129,0.0,1.0,0.0,31
6,Awake,TT,-0.1422010641033662,0.03308131674309189,0.0252604310807787,1.0,0.0,1.0,0.0,31
6,Drowsy,CC,0.1234512861005923,0.06154622405230725,0.0464146881606406,0.7058823529411765,1.0,0.0,0.0,17
6,Drowsy,DET,0.17305754187263045,0.024763641599078512,0.0180339412727648,1.0,1.0,0.0,0.0,17
6,Drowsy,LAM,-0.11230023515861204,0.036149637663771106,0.0259998027528894,0.8235294117647058,0.0,1.0,0.0,17
6,Drowsy,Lmean,1.1646330034665358,0.09961123784750825,0.0758563058843481,1.0,1.0,0.0,0.0,17
6,Drowsy,NRMSE,-0.1318734089474929,0.03507784900524591,0.0272986421487387,0.9411764705882353,0.0,1.0,0.0,17
6,Drowsy,TT,-0.13646775366793928,0.03459716429122306,0.0298645965621029,1.0,0.0,1.0,0.0,17
7,Awake,CC,0.09849805201830814,0.05891976316991099,0.0467388897680663,0.5,1.0,0.0,0.0,34
7,Awake,DET,0.17944041848634634,0.023971780966550005,0.01748171746610675,1.0,1.0,0.0,0.0,34
7,Awake,LAM,-0.14206699620866725,0.034493929068484,0.02786749414336415,1.0,0.0,1.0,0.0,34
7,Awake,Lmean,1.163525889346742,0.09279796647953886,0.07418456471699506,1.0,1.0,0.0,0.0,34
7,Awake,NRMSE,-0.13133734747787157,0.035760952350136654,0.0299260219455064,0.8823529411764706,0.0,1.0,0.0,34
7,Awake,TT,-0.09085570846347846,0.0291025247003871,0.02203799046860265,1.0,0.0,1.0,0.0,34
7,Drowsy,CC,0.18210584968090388,0.0624758992655865,0.04665969321948,0.9090909090909091,1.0,0.0,0.0,11
7,Drowsy,DET,0.193405960550943,0.024139751403752907,0.018657466620321,1.0,1.0,0.0,0.0,11
7,Drowsy,LAM,-0.12628977299995192,0.035189806594039474,0.0236509859792168,1.0,0.0,1.0,0.0,11
7,Drowsy,Lmean,1.20220768788759,0.08019307677662901,0.0704802580948193,1.0,1.0,0.0,0.0,11
7,Drowsy,NRMSE,-0.17914658829619945,0.03126287942193362,0.0250588159848215,0.9090909090909091,0.0,1.0,0.0,11
7,Drowsy,TT,-0.12488666458522246,0.03583534931508803,0.0295117995561044,0.9090909090909091,0.0,1.0,0.0,11
8,Awake,CC,0.11262406151755233,0.05319396382636182,0.04356374155289955,0.6388888888888888,0.9722222222222222,0.027777777777777776,0.0,36
8,Awake,DET,0.14807793828286225,0.021356241301530854,0.0169478384526114,1.0,1.0,0.0,0.0,36
8,Awake,LAM,-0.14012333829246063,0.03430196285453757,0.02598135237541245,0.9444444444444444,0.027777777777777776,0.9722222222222222,0.0,36
8,Awake,Lmean,1.167202489571192,0.12071409869594563,0.0877429591010612,1.0,1.0,0.0,0.0,36
8,Awake,NRMSE,-0.13295220542327174,0.03766799669765103,0.030209965599095452,0.8888888888888888,0.0,1.0,0.0,36
8,Awake,TT,-0.1210241455924479,0.03142248924131685,0.025481487694707747,1.0,0.0,1.0,0.0,36
8,Drowsy,CC,0.11033436917596978,0.06504247608254593,0.04879228177694885,0.6,1.0,0.0,0.0,10
8,Drowsy,DET,0.16194749724048574,0.021116283534097946,0.017014611278106148,1.0,1.0,0.0,0.0,10
8,Drowsy,LAM,-0.12733358928828525,0.031716417910447825,0.0251374263255692,1.0,0.0,1.0,0.0,10
8,Drowsy,Lmean,1.1888878953940458,0.10786344340913057,0.0857682848326721,1.0,1.0,0.0,0.0,10
8,Drowsy,NRMSE,-0.1336743996181733,0.035067421519519915,0.027432779601883152,1.0,0.0,1.0,0.0,10
8,Drowsy,TT,-0.14233442611144342,0.03386138798464633,0.0261729006317811,1.0,0.0,1.0,0.0,10
9,Awake,CC,0.21425741118856967,0.062303775197303735,0.046398444724148,0.9574468085106383,1.0,0.0,0.0,47
9,Awake,DET,0.1744492969237414,0.026443345971109034,0.0198129398220282,1.0,1.0,0.0,0.0,47
9,Awake,LAM,-0.09175985026635308,0.03536977491961413,0.0278159116467642,0.7021276595744681,0.0,1.0,0.0,47
9,Awake,Lmean,0.9389882911396081,0.099906858215423,0.0752470364551375,1.0,1.0,0.0,0.0,47
9,Awake,NRMSE,-0.20102676899661642,0.029135729220097772,0.0233534595103235,1.0,0.0,1.0,0.0,47
9,Awake,TT,-0.08141975670178958,0.03448016897677597,0.0267100130027811,0.9148936170212766,0.02127659574468085,0.9787234042553191,0.0,47
9,Drowsy,CC,0.19395049357807076,0.06026924688927393,0.0475310212450161,0.8888888888888888,1.0,0.0,0.0,18
9,Drowsy,DET,0.1961654748764218,0.023767816864231878,0.01802670602158475,1.0,1.0,0.0,0.0,18
9,Drowsy,LAM,-0.09234774679656377,0.037763353649757636,0.03032424644110005,0.7777777777777778,0.05555555555555555,0.9444444444444444,0.0,18
9,Drowsy,Lmean,1.0003179068127523,0.09934553710646199,0.0798815049156917,1.0,1.0,0.0,0.0,18
9,Drowsy,NRMSE,-0.18808764043733028,0.033489894733502334,0.027061536407354002,1.0,0.0,1.0,0.0,18
9,Drowsy,TT,-0.08232150576940822,0.026077922429151856,0.0225979914022786,0.9444444444444444,0.0,1.0,0.0,18
10,Awake,CC,0.06403221874419407,0.048077187542503674,0.0408837263523656,0.3333333333333333,0.9629629629629629,0.037037037037037035,0.0,27
10,Awake,DET,0.18543936267216976,0.02226808081777598,0.0170077896326597,1.0,1.0,0.0,0.0,27
10,Awake,LAM,-0.1227144022652013,0.03265825214762208,0.0254008077413747,0.8518518518518519,0.0,1.0,0.0,27
10,Awake,Lmean,1.2597575605987288,0.13333911538568932,0.0963677498674492,1.0,1.0,0.0,0.0,27
10,Awake,NRMSE,-0.09677512036460878,0.03908815798771903,0.0307008420057698,0.6296296296296297,0.0,1.0,0.0,27
10,Awake,TT,-0.11743438705671894,0.028741052017487778,0.0240407317486624,1.0,0.0,1.0,0.0,27
10,Drowsy,CC,0.09712720859615764,0.06752533355482904,0.0470000394855181,0.5555555555555556,1.0,0.0,0.0,9
10,Drowsy,DET,0.17459327158420113,0.022172097710802974,0.0165115315082662,1.0,1.0,0.0,0.0,9
10,Drowsy,LAM,-0.12756154916734652,0.03600566300331143,0.026210464927526,1.0,0.0,1.0,0.0,9
10,Drowsy,Lmean,1.2218147224584515,0.0931953758618338,0.079076431688312,1.0,1.0,0.0,0.0,9
10,Drowsy,NRMSE,-0.1479320096463036,0.03773530264553515,0.0273078527295822,0.8888888888888888,0.0,1.0,0.0,9
10,Drowsy,TT,-0.11835808766403177,0.0292975150061352,0.024584650755654,1.0,0.0,1.0,0.0,9
11,Awake,CC,0.053276255687278895,0.05510185643676946,0.04411491050919365,0.3,1.0,0.0,0.0,20
11,Awake,DET,0.17248164323079135,0.02182415894802514,0.0178148468512414,1.0,1.0,0.0,0.0,20
11,Awake,LAM,-0.1167994432979795,0.029952728319815686,0.0238731289857179,0.95,0.0,1.0,0.0,20
11,Awake,Lmean,1.1751714711445853,0.10691798381800144,0.07931600266519806,1.0,1.0,0.0,0.0,20
11,Awake,NRMSE,-0.09822294455814895,0.032799192738892924,0.02747862850244355,0.85,0.0,1.0,0.0,20
11,Awake,TT,-0.13023700508734226,0.03236813583656062,0.0257839029019468,1.0,0.0,1.0,0.0,20
11,Drowsy,CC,0.10135832567895375,0.06682047675462088,0.05027809247705795,0.3333333333333333,1.0,0.0,0.0,18
11,Drowsy,DET,0.16957815424485298,0.02299995200844651,0.017975649551899252,1.0,1.0,0.0,0.0,18
11,Drowsy,LAM,-0.12868935067428133,0.035453760138215634,0.0270005902237406,0.9444444444444444,0.0,1.0,0.0,18
11,Drowsy,Lmean,1.1632385593706829,0.10380375128264352,0.07740360449100855,1.0,1.0,0.0,0.0,18
11,Drowsy,NRMSE,-0.11769145269587783,0.037425142019282764,0.028339650220817303,0.8888888888888888,0.0,1.0,0.0,18
11,Drowsy,TT,-0.131032554719551,0.040213181499241246,0.02746115463071245,1.0,0.0,1.0,0.0,18
12,Awake,CC,0.1604672707373382,0.06284592484566062,0.04568203981417095,1.0,1.0,0.0,0.0,20
12,Awake,DET,0.1898068050749712,0.02543492887351015,0.020362507713535198,1.0,1.0,0.0,0.0,20
12,Awake,LAM,-0.11612120338331411,0.0365003844675125,0.0273174038728915,0.8,0.0,1.0,0.0,20
12,Awake,Lmean,0.9100121241003765,0.105833295680265,0.08024054033234404,1.0,1.0,0.0,0.0,20
12,Awake,NRMSE,-0.19559870715640054,0.03317196132063649,0.0266468384346163,1.0,0.0,1.0,0.0,20
12,Awake,TT,-0.05889474905602765,0.02685639503497339,0.020777096024931697,0.95,0.05,0.95,0.0,20
12,Drowsy,CC,0.1873351779603799,0.061394196529442835,0.0468231819286031,0.8571428571428571,1.0,0.0,0.0,35
12,Drowsy,DET,0.20328719723183392,0.02720107650903497,0.0196689336680539,1.0,1.0,0.0,0.0,35
12,Drowsy,LAM,-0.14331026528258373,0.035395040369088915,0.0257639208498342,0.9142857142857143,0.0,1.0,0.0,35
12,Drowsy,Lmean,1.030728325227395,0.09928173946412056,0.0746548105050742,1.0,1.0,0.0,0.0,35
12,Drowsy,NRMSE,-0.19435536700397027,0.03241257230463357,0.0240195457454413,0.9714285714285714,0.0,1.0,0.0,35
12,Drowsy,TT,-0.09316401085638626,0.027006553932352517,0.0212051523852631,1.0,0.0,1.0,0.0,35
13,Awake,CC,0.1057398110166009,0.06418594429124214,0.0463485200646084,0.56,1.0,0.0,0.0,25
13,Awake,DET,0.16849834429140476,0.023587848538657252,0.0177249545685271,1.0,1.0,0.0,0.0,25
13,Awake,LAM,-0.07930604213658393,0.03772136104045676,0.0288279136841786,0.72,0.04,0.96,0.0,25
13,Awake,Lmean,1.209598366970274,0.10791770996969241,0.0797265307048612,1.0,1.0,0.0,0.0,25
13,Awake,NRMSE,-0.12855355929884038,0.03536629865198371,0.0283243994006541,0.84,0.0,1.0,0.0,25
13,Awake,TT,-0.14050670761706074,0.04659839887910744,0.0345900222651693,1.0,0.0,1.0,0.0,25
13,Drowsy,CC,0.14670668529005781,0.06012589278853642,0.0456367933149477,0.6521739130434783,1.0,0.0,0.0,23
13,Drowsy,DET,0.16499496088688392,0.02495560781302497,0.0189313987363683,1.0,1.0,0.0,0.0,23
13,Drowsy,LAM,-0.09912655372654422,0.0380812976916064,0.0307190574940061,0.8260869565217391,0.0,1.0,0.0,23
13,Drowsy,Lmean,1.205271975025695,0.1102051298884752,0.0780384046047686,1.0,1.0,0.0,0.0,23
13,Drowsy,NRMSE,-0.13683442185469608,0.03456726371938723,0.0273518014490705,0.8260869565217391,0.0,1.0,0.0,23
13,Drowsy,TT,-0.11933710094123295,0.04518874585006882,0.0368493157134816,0.9130434782608695,0.0,1.0,0.0,23
14,Awake,CC,0.12581265712644318,0.06425648753100982,0.0465965052392072,0.7741935483870968,1.0,0.0,0.0,31
14,Awake,DET,0.19330997744396983,0.02562748956183719,0.0184524015108452,1.0,1.0,0.0,0.0,31
14,Awake,LAM,-0.14999760042232568,0.03708547295675957,0.0283587938340877,0.967741935483871,0.0,1.0,0.0,31
14,Awake,Lmean,1.2418413448226682,0.0956950495199842,0.070315991099757,1.0,1.0,0.0,0.0,31
14,Awake,NRMSE,-0.15377098346495888,0.0348462887619011,0.0274531213979335,0.9032258064516129,0.0,1.0,0.0,31
14,Awake,TT,-0.09272050255053133,0.02769813544187727,0.0215168102310916,1.0,0.0,1.0,0.0,31
14,Drowsy,CC,0.24793665060016506,0.05841637774321978,0.043519169982816,0.9411764705882353,1.0,0.0,0.0,17
14,Drowsy,DET,0.21696981331285692,0.03169842107789028,0.0228317859240366,1.0,1.0,0.0,0.0,17
14,Drowsy,LAM,-0.09643902673129529,0.03658156164515047,0.0248467027953706,0.7647058823529411,0.058823529411764705,0.9411764705882353,0.0,17
14,Drowsy,Lmean,1.279681986976135,0.10093623555749565,0.0852092843546703,1.0,1.0,0.0,0.0,17
14,Drowsy,NRMSE,-0.1917431246235548,0.025571314681293034,0.0205524232769025,1.0,0.0,1.0,0.0,17
14,Drowsy,TT,-0.12564546448294145,0.038561122067352294,0.0298033848010959,1.0,0.0,1.0,0.0,17
15,Awake,CC,0.11232911969464496,0.06618706796449017,0.05004338687309675,0.5357142857142857,1.0,0.0,0.0,28
15,Awake,DET,0.18570331621634595,0.02527955079905947,0.020131477475587252,1.0,1.0,0.0,0.0,28
15,Awake,LAM,-0.14521044296203872,0.0419206219705332,0.0326228699306505,0.9642857142857143,0.0,1.0,0.0,28
15,Awake,Lmean,1.1972865069738305,0.103598957428368,0.0799481497259554,1.0,1.0,0.0,0.0,28
15,Awake,NRMSE,-0.12664690739703005,0.04013663923112215,0.03019981481791405,0.9285714285714286,0.0,1.0,0.0,28
15,Awake,TT,-0.0896205973939257,0.032908810969787705,0.0247820550210264,1.0,0.0,1.0,0.0,28
15,Drowsy,CC,0.11913722135885993,0.07061165180744458,0.05870015764790115,0.6666666666666666,1.0,0.0,0.0,6
15,Drowsy,DET,0.1874550079186064,0.026995248836204883,0.019898864191145497,1.0,1.0,0.0,0.0,6
15,Drowsy,LAM,-0.1269496568603926,0.05457239525843452,0.0349726999613455,0.6666666666666666,0.0,1.0,0.0,6
15,Drowsy,Lmean,1.1740160798174566,0.09365978591871804,0.08084733756038265,1.0,1.0,0.0,0.0,6
15,Drowsy,NRMSE,-0.12504863239896874,0.04438473264902615,0.03106551253031905,1.0,0.0,1.0,0.0,6
15,Drowsy,TT,-0.08978904993753045,0.041859757556493626,0.0488433619658273,0.6666666666666666,0.0,1.0,0.0,6
17,Awake,CC,0.10975041452063317,0.0668723410787318,0.0477769317902982,0.6071428571428571,1.0,0.0,0.0,28
17,Awake,DET,0.15765225320343623,0.023647837980515424,0.01804587409163505,1.0,1.0,0.0,0.0,28
17,Awake,LAM,-0.10932475884244369,0.03619762921725772,0.02766768244325355,0.7857142857142857,0.03571428571428571,0.9642857142857143,0.0,28
17,Awake,Lmean,1.1420306036580632,0.09755945139696909,0.0819803357420083,0.9642857142857143,1.0,0.0,0.0,28
17,Awake,NRMSE,-0.1207219055582231,0.03955411479517007,0.027670740955520752,0.8928571428571429,0.0,1.0,0.0,28
17,Awake,TT,-0.1411433214465463,0.04304990083733484,0.03519034820831605,0.8928571428571429,0.0,1.0,0.0,28
17,Drowsy,CC,0.11142541262004355,0.05946173457494369,0.0455701675249415,0.5714285714285714,1.0,0.0,0.0,14
17,Drowsy,DET,0.14819791716657865,0.022112108268944664,0.01786172034120825,1.0,1.0,0.0,0.0,14
17,Drowsy,LAM,-0.12461006862792154,0.0371514613428037,0.02864072772134615,0.7857142857142857,0.0,1.0,0.0,14
17,Drowsy,Lmean,1.1444276433583611,0.09642157261623008,0.0813226480130109,1.0,1.0,0.0,0.0,14
17,Drowsy,NRMSE,-0.13580444558763094,0.04172290566204434,0.030465425400216,1.0,0.0,1.0,0.0,14
17,Drowsy,TT,-0.106501989423744,0.03604955010471356,0.02847012266991425,0.9285714285714286,0.0,1.0,0.0,14
18,Awake,CC,0.19464467388996698,0.05954664763298767,0.0468981641962539,0.7894736842105263,1.0,0.0,0.0,19
18,Awake,DET,0.2323751019820512,0.027403177040840887,0.0195497172294842,1.0,1.0,0.0,0.0,19
18,Awake,LAM,-0.1258098574650861,0.03494984882660651,0.0287040649290855,1.0,0.0,1.0,0.0,19
18,Awake,Lmean,1.0495097254256365,0.09703610944477159,0.0722985135233789,1.0,1.0,0.0,0.0,19
18,Awake,NRMSE,-0.20625241839309627,0.03217806090636577,0.028056002122675,1.0,0.0,1.0,0.0,19
18,Awake,TT,-0.07341775489770797,0.02373156451087821,0.0183200502511604,0.9473684210526315,0.0,1.0,0.0,19
18,Drowsy,CC,0.22271076876568902,0.06389987382987167,0.0477908915024909,0.9523809523809523,1.0,0.0,0.0,21
18,Drowsy,DET,0.22162499400105584,0.024835628929308406,0.0197740765582909,1.0,1.0,0.0,0.0,21
18,Drowsy,LAM,-0.13955943753899308,0.035177808705667835,0.0265962588147622,0.9523809523809523,0.0,1.0,0.0,21
18,Drowsy,Lmean,1.080257484234926,0.08972646999060263,0.0711996010928002,1.0,1.0,0.0,0.0,21
18,Drowsy,NRMSE,-0.21817187754415635,0.030099246608818575,0.0232269438586605,1.0,0.0,1.0,0.0,21
18,Drowsy,TT,-0.09829400099008234,0.030197266436275072,0.0227652210241682,1.0,0.0,1.0,0.0,21
19,Awake,CC,0.12763199059227542,0.058046285541797804,0.045322930105197445,0.6764705882352942,1.0,0.0,0.0,34
19,Awake,DET,0.2212650573499064,0.02725920238038107,0.02068589540938685,1.0,1.0,0.0,0.0,34
19,Awake,LAM,-0.14770600374334125,0.035213802370782726,0.0283715744585411,1.0,0.0,1.0,0.0,34
19,Awake,Lmean,0.9412980555226818,0.1172019892077576,0.0846017425797366,1.0,1.0,0.0,0.0,34
19,Awake,NRMSE,-0.18593869486792963,0.03651415505050626,0.0298203457947102,1.0,0.0,1.0,0.0,34
19,Awake,TT,-0.03582611061837904,0.018409532836805464,0.0142972745750027,0.9705882352941176,0.0,1.0,0.0,34
19,Drowsy,CC,0.2655940780463053,0.05932540934508268,0.04640555962271765,1.0,1.0,0.0,0.0,10
19,Drowsy,DET,0.189470653165043,0.023011949896818096,0.01927244014829905,1.0,1.0,0.0,0.0,10
19,Drowsy,LAM,-0.1276695301626914,0.03847722800787057,0.0293114418186586,1.0,0.0,1.0,0.0,10
19,Drowsy,Lmean,1.0283300039219494,0.09218575388132999,0.0753194344691108,1.0,1.0,0.0,0.0,10
19,Drowsy,NRMSE,-0.24420488959038672,0.027855045479237894,0.022346732162903553,1.0,0.0,1.0,0.0,10
19,Drowsy,TT,-0.08128204884552859,0.031490277008704215,0.0224528986496084,1.0,0.0,1.0,0.0,10
21,Awake,CC,0.21220414311129043,0.05717049304548982,0.0432093817617002,0.92,1.0,0.0,0.0,25
21,Awake,DET,0.21481019340596053,0.02752315592455723,0.0195651347302803,1.0,1.0,0.0,0.0,25
21,Awake,LAM,-0.12297835580937755,0.036377597542832485,0.0296547988050416,0.96,0.0,1.0,0.0,25
21,Awake,Lmean,0.9953452357466954,0.09742057979112273,0.0698558777610721,1.0,1.0,0.0,0.0,25
21,Awake,NRMSE,-0.19220516789902797,0.026408829979993165,0.0197739998499354,1.0,0.0,1.0,0.0,25
21,Awake,TT,-0.11031483595094294,0.03246610566349695,0.0261067591768189,1.0,0.0,1.0,0.0,25
21,Drowsy,CC,0.2544592715390586,0.05662618581064066,0.0440765702935073,0.8666666666666667,1.0,0.0,0.0,15
21,Drowsy,DET,0.19402985074626866,0.02509958247348465,0.0192915462263,1.0,1.0,0.0,0.0,15
21,Drowsy,LAM,-0.11993089216297931,0.03730143494744925,0.0272663953383036,0.9333333333333333,0.0,1.0,0.0,15
21,Drowsy,Lmean,0.959643543875945,0.08096347175158947,0.067974272629476,1.0,1.0,0.0,0.0,15
21,Drowsy,NRMSE,-0.21110872600815622,0.02358829845750421,0.0190018619487393,1.0,0.0,1.0,0.0,15
21,Drowsy,TT,-0.11673432646994764,0.03579489398283098,0.0263940149276877,1.0,0.0,1.0,0.0,15
22,Awake,CC,0.08386251805329081,0.05849365392710304,0.0420348894696719,0.5172413793103449,1.0,0.0,0.0,29
22,Awake,DET,0.2007006766809042,0.024763641599078567,0.0193220824592668,1.0,1.0,0.0,0.0,29
22,Awake,LAM,-0.162955319863704,0.037637375821855334,0.0291121244788226,1.0,0.0,1.0,0.0,29
22,Awake,Lmean,1.1358947432680266,0.10666469772146314,0.0841301279262107,1.0,1.0,0.0,0.0,29
22,Awake,NRMSE,-0.13092457681323655,0.039070254638222446,0.0300473161328155,0.9310344827586207,0.0,1.0,0.0,29
22,Awake,TT,-0.06969284386700592,0.021529037503455584,0.0168366336893499,1.0,0.0,1.0,0.0,29
22,Drowsy,CC,0.14147669740846047,0.06876985603185881,0.0500777904350161,0.6923076923076923,0.9230769230769231,0.07692307692307693,0.0,13
22,Drowsy,DET,0.18510342179776362,0.02641935019436581,0.0207614652872587,1.0,1.0,0.0,0.0,13
22,Drowsy,LAM,-0.15844411383596485,0.038837164659019985,0.0273194355360261,1.0,0.0,1.0,0.0,13
22,Drowsy,Lmean,1.149772156580502,0.09384789670953575,0.0720691552990162,1.0,1.0,0.0,0.0,13
22,Drowsy,NRMSE,-0.15083182475549828,0.03789359985905105,0.0294945514375688,0.8461538461538461,0.0,1.0,0.0,13
22,Drowsy,TT,-0.10899697118127305,0.03451009015345585,0.0232828618735505,1.0,0.0,1.0,0.0,13
23,Awake,CC,0.1264397977916022,0.06272881135275044,0.0491202492376086,0.6122448979591837,0.9591836734693877,0.04081632653061224,0.0,49
23,Awake,DET,0.15304506406872387,0.02649133752459576,0.0204303534703387,0.9795918367346939,1.0,0.0,0.0,49
23,Awake,LAM,-0.10078226232183146,0.03682151941258338,0.0284579190782144,0.8775510204081632,0.04081632653061224,0.9591836734693877,0.0,49
23,Awake,Lmean,1.1388992921855992,0.10100930602251923,0.0830030573144244,0.9795918367346939,1.0,0.0,0.0,49
23,Awake,NRMSE,-0.13435848830966501,0.03501198496078872,0.0270326631743344,0.8163265306122449,0.02040816326530612,0.9795918367346939,0.0,49
23,Awake,TT,-0.15083015121473053,0.046612379653494074,0.0371713724830897,0.9591836734693877,0.0,1.0,0.0,49
23,Drowsy,CC,0.1255330833242463,0.06385336835620015,0.0448206386640003,0.6923076923076923,1.0,0.0,0.0,13
23,Drowsy,DET,0.16197149301722902,0.02627537553390602,0.0194558469108283,1.0,1.0,0.0,0.0,13
23,Drowsy,LAM,-0.1007102749916014,0.03494984882660657,0.0267089959446938,0.7692307692307693,0.0,1.0,0.0,13
23,Drowsy,Lmean,1.1196976873780993,0.10166669118382998,0.0727557200586221,1.0,1.0,0.0,0.0,13
23,Drowsy,NRMSE,-0.1418800566878755,0.029288345924222026,0.0238828757341342,1.0,0.0,1.0,0.0,13
23,Drowsy,TT,-0.15656998981720394,0.04396154513355954,0.0316769304444982,0.9230769230769231,0.0,1.0,0.0,13
25,Awake,CC,0.06272900426801997,0.05725035643243498,0.0426770659359384,0.37037037037037035,0.9629629629629629,0.037037037037037035,0.0,27
25,Awake,DET,0.18107213130489042,0.02505159091999798,0.0199961947405562,1.0,1.0,0.0,0.0,27
25,Awake,LAM,-0.1359120794740126,0.037217449728847746,0.0276318224199497,1.0,0.0,1.0,0.0,27
25,Awake,Lmean,1.0685016069843862,0.10481874437023331,0.0889646144217444,1.0,1.0,0.0,0.0,27
25,Awake,NRMSE,-0.11954463958448902,0.036651437178903956,0.0321656442542769,0.8148148148148148,0.0,1.0,0.0,27
25,Awake,TT,-0.04561488371279987,0.016870372008092716,0.0137047480830387,0.8888888888888888,0.0,1.0,0.0,27
25,Drowsy,CC,0.21814284874758377,0.062408232894350046,0.0479863369432968,0.8666666666666667,1.0,0.0,0.0,15
25,Drowsy,DET,0.22728799731247307,0.02680328262225845,0.0213847557325208,1.0,1.0,0.0,0.0,15
25,Drowsy,LAM,-0.1388395642366943,0.03426596918942265,0.0268670856612768,1.0,0.0,1.0,0.0,15
25,Drowsy,Lmean,1.1338132659861242,0.1086166015795782,0.0706500572301985,1.0,1.0,0.0,0.0,15
25,Drowsy,NRMSE,-0.22977545836338642,0.032466492938317826,0.0242927769898678,0.9333333333333333,0.0,1.0,0.0,15
25,Drowsy,TT,-0.11668248252726832,0.03223691799074846,0.0253057027568308,1.0,0.0,1.0,0.0,15
