session,representation,state,window_size,window_id,rho_star,sampling_rate,m,tau_seconds,tau_samples,n_horizons,hmax_seconds,hmax_samples,theiler_seconds,theiler_samples,M,master_seed,CC_original,CC_surrogate_mean,CC_surrogate_sd,CC_surrogate_median,CC_rank,CC_p,CC_reject,CC_direction,NRMSE_original,NRMSE_surrogate_mean,NRMSE_surrogate_sd,NRMSE_surrogate_median,NRMSE_rank,NRMSE_p,NRMSE_reject,NRMSE_direction,DET_original,DET_surrogate_mean,DET_surrogate_sd,DET_surrogate_median,DET_rank,DET_p,DET_reject,DET_direction,Lmean_original,Lmean_surrogate_mean,Lmean_surrogate_sd,Lmean_surrogate_median,Lmean_rank,Lmean_p,Lmean_reject,Lmean_direction,ENTR_original,ENTR_surrogate_mean,ENTR_surrogate_sd,ENTR_surrogate_median,ENTR_rank,ENTR_p,ENTR_reject,ENTR_direction,Lmax_original,Lmax_surrogate_mean,Lmax_surrogate_sd,Lmax_surrogate_median,Lmax_rank,Lmax_p,Lmax_reject,Lmax_direction,LAM_original,LAM_surrogate_mean,LAM_surrogate_sd,LAM_surrogate_median,LAM_rank,LAM_p,LAM_reject,LAM_direction,TT_original,TT_surrogate_mean,TT_surrogate_sd,TT_surrogate_median,TT_rank,TT_p,TT_reject,TT_direction,Vmax_original,Vmax_surrogate_mean,Vmax_surrogate_sd,Vmax_surrogate_median,Vmax_rank,Vmax_p,Vmax_reject,Vmax_direction
14,Processed,Awake,60,1,142.69109692489403,24.993626625203223,8,0.16,4,18,4.0,100,1.0,25,39,2026,0.8007387047833301,0.6744473144260755,0.04315136664344393,0.6741045315425416,40.0,0.05,True,higher,0.5187449175574687,0.7000672228601047,0.03418735401016065,0.7045769621104657,1.0,0.05,True,lower,0.7653213034505927,0.5323346167997509,0.017532576369157782,0.5329941930220281,40.0,0.05,True,higher,4.174607329842932,2.8013313534102835,0.07196597657318338,2.825499870163594,40.0,0.05,True,higher,1.4839320613154285,1.0307236600516727,0.04837944544844204,1.037223743509908,40.0,0.05,True,higher,131.0,40.58974358974359,8.058071954055396,41.0,40.0,0.05,True,higher,0.11969093439554639,0.3045734719920063,0.031055803647468083,0.3023227911887508,1.0,0.05,True,lower,2.0032128514056224,2.0709945333323216,0.012165891733960455,2.0712671387675154,1.0,0.05,True,lower,3.0,3.4615384615384617,0.5050353737560759,3.0,11.5,1.0,False,none
14,Processed,Awake,60,2,142.69109692489403,24.993626625203223,8,0.16,4,18,4.0,100,1.0,25,39,2026,0.793839674399943,0.6768311898633489,0.03956421854187903,0.6767150555181546,40.0,0.05,True,higher,0.5414432072507911,0.6995295481166585,0.03055222882868774,0.7037523716059382,1.0,0.05,True,lower,0.7699284925853049,0.5248011734550103,0.022538212884562273,0.5259394346594999,40.0,0.05,True,higher,4.2441798941798945,2.807596307972356,0.064965800339906,2.7821931589537225,40.0,0.05,True,higher,1.502900994799227,1.0182200888576718,0.03725746928649168,1.0237415941406742,40.0,0.05,True,higher,80.0,40.282051282051285,7.319579790745533,40.0,40.0,0.05,True,higher,0.156572443249988,0.3088047272910738,0.026458576564938198,0.3090896002303595,1.0,0.05,True,lower,2.0046082949308754,2.084924084151425,0.017058453027023954,2.0850426710585417,1.0,0.05,True,lower,3.0,3.358974358974359,0.48597051498058946,3.0,13.5,1.0,False,none
14,Processed,Awake,60,3,142.69109692489403,24.993626625203223,8,0.16,4,18,4.0,100,1.0,25,39,2026,0.7638188768583277,0.6353674094726915,0.04414857307910605,0.6386659201822469,40.0,0.05,True,higher,0.5514852684023392,0.7339403615105417,0.029928573004955487,0.7375807814143223,1.0,0.05,True,lower,0.7420933915630848,0.5201090761872066,0.017497002777867258,0.5188366847434851,40.0,0.05,True,higher,4.027871841625423,2.772303346585275,0.06461974677060911,2.7860304968027547,40.0,0.05,True,higher,1.4018385268732974,1.009016218225613,0.039892293548467114,1.0116705569245712,40.0,0.05,True,higher,83.0,40.53846153846154,8.306136456500585,39.0,40.0,0.05,True,higher,0.18615923597446848,0.3537611226577968,0.02401455460801735,0.35276191390315303,1.0,0.05,True,lower,2.0025813113061437,2.095821602010412,0.016593194598565928,2.0953018138566755,1.0,0.05,True,lower,3.0,3.717948717948718,0.45588075245489296,4.0,6.5,0.6,False,none
14,Processed,Awake,60,4,181.28252384140612,24.993626625203223,8,0.16,4,18,4.0,100,1.0,25,39,2026,0.6049204128832031,0.4379142395508504,0.03875830997780167,0.4425267212004681,40.0,0.05,True,higher,0.6916675997006059,0.866270374277118,0.019304245620930516,0.8652531505752133,1.0,0.05,True,lower,0.6717857657052358,0.48097873235848954,0.01875823154973757,0.47636415990785624,40.0,0.05,True,higher,3.8298221614227086,2.7082680830346466,0.05619789801883727,2.708404315729699,40.0,0.05,True,higher,1.3558203606694537,0.9662926413114249,0.03927678033480422,0.9610827244669295,40.0,0.05,True,higher,87.0,36.666666666666664,8.32666399786453,36.0,40.0,0.05,True,higher,0.38402841099966406,0.4961360646680032,0.02235272680508759,0.5002879493209195,1.0,0.05,True,lower,2.0415869371093254,2.21680603549313,0.02370649242653699,2.2104106419895895,1.0,0.05,True,lower,3.0,4.0,0.0,4.0,1.0,0.05,True,lower
14,Processed,Awake,60,5,142.69109692489403,24.993626625203223,8,0.16,4,18,4.0,100,1.0,25,39,2026,0.7392182229873011,0.6861353044965833,0.045638514618982606,0.6849747536736415,34.0,0.35,False,none,0.5891676557315397,0.6921409700186346,0.03699954676096512,0.6917459706551131,2.0,0.1,False,none,0.7494360992465326,0.5601094207419494,0.01646999254321041,0.5576138599606469,40.0,0.05,True,higher,4.22854048199296,2.965822430595539,0.07031599109975707,2.95873417721519,40.0,0.05,True,higher,1.5139881075900785,1.1178494313339469,0.0402667889200222,1.113836080456959,40.0,0.05,True,higher,76.0,45.58974358974359,10.137782246620413,44.0,39.5,0.1,False,none,0.18056821999328118,0.34918100568146165,0.033904912351084844,0.34913855161491575,1.0,0.05,True,lower,2.0029278679797713,2.0852127197643444,0.02147573781021621,2.0844992381216234,1.0,0.05,True,lower,3.0,3.282051282051282,0.455880752454893,3.0,15.0,1.0,False,none
14,Processed,Awake,60,6,142.69109692489403,24.993626625203223,8,0.16,4,18,4.0,100,1.0,25,39,2026,0.6509199006751747,0.6330180520202016,0.0463429644243898,0.6355641267869147,28.0,0.65,False,none,0.6835977015952774,0.7332496675410258,0.030644512422467476,0.7361843178528582,4.0,0.2,False,none,0.7373902193213995,0.5764240878220818,0.01583914118401793,0.579306042136584,40.0,0.05,True,higher,4.401317674018906,3.024754011013503,0.09160372630910199,3.0245901639344264,40.0,0.05,True,higher,1.5022522224749948,1.1487872242272998,0.04812061452931884,1.1471426217789698,40.0,0.05,True,higher,154.0,48.794871794871796,14.449876137111616,44.0,40.0,0.05,True,higher,0.18937467005806977,0.3499667135507228,0.03618167726669206,0.3466909823870999,1.0,0.05,True,lower,2.005081300813008,2.0816529659995013,0.019453610475984474,2.080736338599797,1.0,0.05,True,lower,3.0,3.230769230769231,0.42683279491835413,3.0,16.0,1.0,False,none
14,Processed,Awake,60,7,142.69109692489403,24.993626625203223,8,0.16,4,18,4.0,100,1.0,25,39,2026,0.6519336357868726,0.5849027299664382,0.05256114553142751,0.5892606588373649,36.0,0.25,False,none,0.6715919871708601,0.7730250307316652,0.031816359302266534,0.7723247693811056,1.0,0.05,True,lower,0.7029322839180304,0.5158353668215933,0.024021602120204193,0.5166770648365887,40.0,0.05,True,higher,4.051728907330567,2.804925827387385,0.08936486189422181,2.7894327894327895,40.0,0.05,True,higher,1.3698483237495571,1.0057070228767346,0.05501434983440447,1.0085855499798404,40.0,0.05,True,higher,88.0,40.61538461538461,8.377964156094828,39.0,40.0,0.05,True,higher,0.20360416566684264,0.368874770348111,0.032679849404683485,0.3627201612516197,1.0,0.05,True,lower,2.0120939056201093,2.08439328946908,0.021059049478299157,2.083803611738149,1.0,0.05,True,lower,3.0,3.7435897435897436,0.44235903005475674,4.0,6.0,0.55,False,none
14,Processed,Awake,60,8,181.28252384140612,24.993626625203223,8,0.16,4,18,4.0,100,1.0,25,39,2026,0.5702120182895756,0.41553293982985695,0.06036349526900691,0.4174907786076441,40.0,0.05,True,higher,0.7435602564415721,0.8874298875898509,0.026550017874672892,0.8880884540971429,1.0,0.05,True,lower,0.662379421221865,0.44106575704214507,0.018855563400059575,0.44109036809521524,40.0,0.05,True,higher,3.9054895302773063,2.6356873726266543,0.05579112011886203,2.6434563758389262,40.0,0.05,True,higher,1.382949975446426,0.9166622996196248,0.04211589742430015,0.9159483317533123,40.0,0.05,True,higher,78.0,36.333333333333336,7.564923672809832,36.0,40.0,0.05,True,higher,0.32986994289005134,0.4654485425949649,0.027221201550408882,0.46213466429908334,1.0,0.05,True,lower,2.0524037025977906,2.204881549559424,0.026964404964625453,2.207138016715609,1.0,0.05,True,lower,4.0,4.153846153846154,0.36551776819519566,4.0,17.5,1.0,False,none
14,Processed,Awake,60,9,181.28252384140612,24.993626625203223,8,0.16,4,18,4.0,100,1.0,25,39,2026,0.6149917506867268,0.44778966077737353,0.05453094315586704,0.4457668857071336,40.0,0.05,True,higher,0.6950246689970361,0.8588271766177099,0.026680408538196983,0.8625868563573293,1.0,0.05,True,lower,0.6642031002543552,0.5130432428507969,0.017115896190584744,0.5114939770600374,40.0,0.05,True,higher,3.953156241073979,2.8104180006431245,0.05374273454279767,2.8121560780390196,40.0,0.05,True,higher,1.3887563257661175,1.033621181293364,0.03710011977338395,1.030630543211234,40.0,0.05,True,higher,88.0,37.15384615384615,8.0770580285622,35.0,40.0,0.05,True,higher,0.3971061093247588,0.5313224872422453,0.03172461847688869,0.539449056965974,1.0,0.05,True,lower,2.059101654846336,2.242636092471964,0.032132232291909965,2.2496510468594217,1.0,0.05,True,lower,3.0,4.0,0.0,4.0,1.0,0.05,True,lower
14,Processed,Awake,60,13,142.69109692489403,24.993626625203223,8,0.16,4,18,4.0,100,1.0,25,39,2026,0.7247162986991508,0.5629938523372408,0.0547995338438055,0.5637908207437521,40.0,0.05,True,higher,0.5955604049886264,0.7933888605031485,0.03228390602833131,0.7896753815725812,1.0,0.05,True,lower,0.5967269760522148,0.4272404979800479,0.01718156427789592,0.42990833613284063,40.0,0.05,True,higher,3.441461389427069,2.643139210727679,0.06623134983892957,2.650249193784814,40.0,0.05,True,higher,1.0504459610722483,0.8451656018445814,0.049542259891667544,0.8469047564909056,40.0,0.05,True,higher,116.0,36.15384615384615,6.0242425229823295,34.0,40.0,0.05,True,higher,0.2012045879925133,0.35202481286370524,0.026173488578307876,0.3514901377357585,1.0,0.05,True,lower,2.0011933174224343,2.0583551187070332,0.016942710445914683,2.057142857142857,1.0,0.05,True,lower,3.0,3.230769230769231,0.4268327949183541,3.0,16.0,1.0,False,none
14,Processed,Awake,60,14,142.69109692489403,24.993626625203223,8,0.16,4,18,4.0,100,1.0,25,39,2026,0.6819398148649051,0.49877064987635633,0.044800445625500916,0.5049890051606943,40.0,0.05,True,higher,0.6407326011246384,0.835143529518514,0.024139438206517125,0.8309278116597018,1.0,0.05,True,lower,0.6022939962566588,0.4286753223740315,0.01724789484497207,0.42760474156548445,40.0,0.05,True,higher,3.6250722125938766,2.6265416596760556,0.06577110258436254,2.6305418719211824,40.0,0.05,True,higher,1.1519048674919306,0.8561799291339555,0.04752207112156071,0.85971432951844,40.0,0.05,True,higher,112.0,35.15384615384615,5.806250994168909,34.0,40.0,0.05,True,higher,0.2560589336276815,0.3791062003856553,0.021897507043555177,0.37949320919518165,1.0,0.05,True,lower,2.025626423690205,2.1034880144621697,0.01881464108462667,2.103448275862069,1.0,0.05,True,lower,3.0,3.8205128205128207,0.3887764119844716,4.0,4.5,0.4,False,none
14,Processed,Awake,60,15,142.69109692489403,24.993626625203223,8,0.16,4,18,4.0,100,1.0,25,39,2026,0.6812907206675063,0.515377072360132,0.04685564051170786,0.5146512491023704,40.0,0.05,True,higher,0.6443198065873272,0.8194162902620915,0.02406947005783244,0.8151898919736528,1.0,0.05,True,lower,0.6648749820031674,0.478458560524117,0.015789480158678162,0.47737198253107455,40.0,0.05,True,higher,4.034362259755388,2.7303458095992954,0.07630008000818751,2.74573055028463,40.0,0.05,True,higher,1.3247018532532224,0.9497293295058475,0.05667283542108758,0.9614048362021834,40.0,0.05,True,higher,105.0,39.64102564102564,7.124779514546692,39.0,40.0,0.05,True,higher,0.2587464606229304,0.4007036300072726,0.031866034117817944,0.4047367663291261,1.0,0.05,True,lower,2.0387596899224807,2.1354886454235795,0.025228995728221387,2.134406541459052,1.0,0.05,True,lower,3.0,4.0,0.0,4.0,1.0,0.05,True,lower
14,Processed,Awake,60,16,142.69109692489403,24.993626625203223,8,0.16,4,18,4.0,100,1.0,25,39,2026,0.634066714912929,0.5381558233031668,0.05175963633343015,0.5411481265111857,39.0,0.1,False,none,0.6707632826028025,0.812149720244447,0.02990302408743234,0.8146140765601088,1.0,0.05,True,lower,0.689062724960407,0.4857114378638589,0.016469659354620244,0.48677832701444546,40.0,0.05,True,higher,3.8679956896551726,2.683869281389716,0.06024656807367178,2.6882352941176473,40.0,0.05,True,higher,1.372799637766275,0.9437978220971092,0.05114731098012282,0.9460512794799983,40.0,0.05,True,higher,96.0,37.97435897435897,7.855561822807889,37.0,40.0,0.05,True,higher,0.17790468877477564,0.3971756355496817,0.029157077910534148,0.3937227048039545,1.0,0.05,True,lower,2.011940298507463,2.119178274166492,0.025720385959504672,2.1128270580727504,1.0,0.05,True,lower,3.0,3.9743589743589745,0.1601281538050872,4.0,1.5,0.1,False,none
14,Processed,Awake,60,17,142.69109692489403,24.993626625203223,8,0.16,4,18,4.0,100,1.0,25,39,2026,0.6272269414072528,0.47031627552822314,0.04613760857380001,0.47289714539883004,40.0,0.05,True,higher,0.692748053973689,0.8515541514682045,0.024816160180598384,0.8511736805406858,1.0,0.05,True,lower,0.679656380477036,0.4805664972195663,0.022573008338161598,0.48361088448433076,40.0,0.05,True,higher,3.973625140291807,2.6752165105277985,0.0675670496886636,2.6738798370672097,40.0,0.05,True,higher,1.3548663457089811,0.9238593299481752,0.04738278848177921,0.9307645765477375,40.0,0.05,True,higher,106.0,37.205128205128204,7.182506112916179,37.0,40.0,0.05,True,higher,0.2689206699620867,0.42348239017625205,0.034352642255757564,0.42273359888659595,1.0,0.05,True,lower,2.0214646464646466,2.1416383874256937,0.023290367569530606,2.1416291986247025,1.0,0.05,True,lower,3.0,4.0,0.22941573387056177,4.0,1.5,0.1,False,none
14,Processed,Awake,60,18,112.315013660346,24.993626625203223,8,0.16,4,18,4.0,100,1.0,25,39,2026,0.7569850692571575,0.7048429117907039,0.03372062985851392,0.6966627910533318,36.0,0.25,False,none,0.5586793998618218,0.6743390928751385,0.02988702212074013,0.679556238655587,1.0,0.05,True,lower,0.7435811297211691,0.5525747468445553,0.015190253401568477,0.5502711522771992,40.0,0.05,True,higher,3.9789419619928093,2.8587444694365693,0.07327104493315001,2.858911529533144,40.0,0.05,True,higher,1.4172630132542776,1.055023940348643,0.03957371515093531,1.0570575694143427,40.0,0.05,True,higher,83.0,41.76923076923077,6.717853426197273,40.0,40.0,0.05,True,higher,0.0816336324806834,0.2586984690694437,0.026412460504137352,0.25785861688342854,1.0,0.05,True,lower,2.0,2.036659502540022,0.011349148418900949,2.0356128054555787,1.0,0.05,True,lower,2.0,3.0,0.0,3.0,1.0,0.05,True,lower
14,Processed,Awake,60,19,112.315013660346,24.993626625203223,8,0.16,4,18,4.0,100,1.0,25,39,2026,0.6937253854359411,0.5730845946960248,0.041188336650952354,0.5771205936986781,40.0,0.05,True,higher,0.6261515687754619,0.7846951237015405,0.024756597122544504,0.7799225522404207,1.0,0.05,True,lower,0.6807121946537409,0.49106065024863327,0.016603998725508298,0.49488889955367854,40.0,0.05,True,higher,3.8108543793659324,2.726150299722596,0.06998587085379891,2.724056603773585,40.0,0.05,True,higher,1.268548770242722,0.9668324531749738,0.04763944696966093,0.9758585737716414,40.0,0.05,True,higher,90.0,40.15384615384615,7.865776843016179,39.0,40.0,0.05,True,higher,0.22035321783366127,0.3460800129946361,0.024613733039473673,0.3447953160243797,1.0,0.05,True,lower,2.017798286090969,2.0973173928777533,0.016215008484320895,2.096057157978301,1.0,0.05,True,lower,3.0,3.769230769230769,0.42683279491835413,4.0,5.5,0.5,False,none
14,Processed,Awake,60,20,142.69109692489403,24.993626625203223,8,0.16,4,18,4.0,100,1.0,25,39,2026,0.6425132378651532,0.4198901061304133,0.04869625405910867,0.4115915582253592,40.0,0.05,True,higher,0.7022883063585257,0.8839092213208831,0.02417536858565833,0.8844306171803455,1.0,0.05,True,lower,0.6517732879013294,0.4525406605360533,0.026229911966706362,0.4536161635552143,40.0,0.05,True,higher,3.9967628016480283,2.6970645899225696,0.11854068400518634,2.685271770894214,40.0,0.05,True,higher,1.271853876078629,0.9117364528948764,0.06972644549446433,0.9143694021652801,40.0,0.05,True,higher,85.0,40.743589743589745,12.244693692238044,37.0,40.0,0.05,True,higher,0.328286221624994,0.4388710663846241,0.027776836059574157,0.43775495512789747,1.0,0.05,True,lower,2.0289188788373127,2.157252435776494,0.03606207891898787,2.147117927022739,1.0,0.05,True,lower,3.0,4.0,0.0,4.0,1.0,0.05,True,lower
14,Processed,Awake,60,21,112.315013660346,24.993626625203223,8,0.16,4,18,4.0,100,1.0,25,39,2026,0.6125316606607576,0.4878363560879318,0.05006287913883483,0.4958342013343008,40.0,0.05,True,higher,0.7001380897666303,0.8255328493499076,0.02494092838571758,0.8245988204351117,1.0,0.05,True,lower,0.7042280558621683,0.5473879674100436,0.017144348607126242,0.547391659068004,40.0,0.05,True,higher,3.965945945945946,2.9341863971223487,0.0727783862397122,2.9291944586967675,40.0,0.05,True,higher,1.3326335909583351,1.0822009750204848,0.038105748620583475,1.0851326557526224,40.0,0.05,True,higher,106.0,46.30769230769231,8.811337929812948,47.0,40.0,0.05,True,higher,0.38688390843211595,0.47076699116340137,0.03215422948917139,0.46650189566636274,1.0,0.05,True,lower,2.0947122255424193,2.191437996313558,0.02908589281253017,2.1975786924939467,1.0,0.05,True,lower,3.0,4.0,0.0,4.0,1.0,0.05,True,lower
14,Processed,Awake,60,22,142.69109692489403,24.993626625203223,8,0.16,4,18,4.0,100,1.0,25,39,2026,0.6799502590928511,0.4739812721108628,0.05281105986331239,0.47390744049317934,40.0,0.05,True,higher,0.6489745923326482,0.8500349947509653,0.02495788613105368,0.8553039635360948,1.0,0.05,True,lower,0.6493737102270001,0.4764207653299174,0.019144298880590487,0.47761194029850745,40.0,0.05,True,higher,3.9334302325581394,2.6788163765823585,0.06454840252108193,2.6760133259300387,40.0,0.05,True,higher,1.3773653448393093,0.9349514223688156,0.04693774422318749,0.9347074850569449,40.0,0.05,True,higher,65.0,36.43589743589744,7.235856883003494,36.0,40.0,0.05,True,higher,0.28300619091039975,0.44806206415363203,0.023384601166365725,0.4464174305322263,1.0,0.05,True,lower,2.0582897033158813,2.1841281552972776,0.029480336104542985,2.1840807701338343,1.0,0.05,True,lower,4.0,4.0,0.0,4.0,20.5,1.0,False,none
14,Processed,Awake,60,29,142.69109692489403,24.993626625203223,8,0.16,4,18,4.0,100,1.0,25,39,2026,0.683109196437119,0.4837575465886423,0.048212969455832234,0.48182804771234955,40.0,0.05,True,higher,0.6367704985342688,0.8470231310309626,0.027258293781283787,0.8517732139703492,1.0,0.05,True,lower,0.7311033258146566,0.420637352441355,0.025958676768472837,0.4169026251379757,40.0,0.05,True,higher,4.209450124343741,2.6449815795981273,0.09248698851137077,2.6190903650508677,40.0,0.05,True,higher,1.3350861737666753,0.8706810504353074,0.05630206375438935,0.859102321738302,40.0,0.05,True,higher,97.0,36.64102564102564,10.342775712868072,35.0,40.0,0.05,True,higher,0.1537409415942794,0.2760504920364786,0.02835879383408774,0.28036665546863754,1.0,0.05,True,lower,2.0211356466876973,2.0910680272291993,0.01946482444307186,2.092700087950748,1.0,0.05,True,lower,3.0,3.9743589743589745,0.16012815380508716,4.0,1.5,0.1,False,none
14,Processed,Awake,60,30,112.315013660346,24.993626625203223,8,0.16,4,18,4.0,100,1.0,25,39,2026,0.6838440855414567,0.5524432438182708,0.0458120485886665,0.5580314284150135,40.0,0.05,True,higher,0.6289826267508573,0.7971614697627252,0.02682524527570323,0.7974163650475092,1.0,0.05,True,lower,0.6427028842923646,0.45613018262631927,0.018258309402857394,0.4546239861784326,40.0,0.05,True,higher,3.6048452220726785,2.6427552579094082,0.06154289354203495,2.639138729899155,40.0,0.05,True,higher,1.1144873358895995,0.8637698469402093,0.04229614641081824,0.870656896902401,40.0,0.05,True,higher,69.0,36.61538461538461,7.009825377415785,35.0,40.0,0.05,True,higher,0.16389115515669242,0.3461710738909952,0.022536447031304124,0.35096223064740606,1.0,0.05,True,lower,2.002345353268836,2.058990230516356,0.014413367239844028,2.059625668449198,1.0,0.05,True,lower,3.0,3.2051282051282053,0.40907386924530537,3.0,16.5,1.0,False,none
14,Processed,Awake,60,31,142.69109692489403,24.993626625203223,8,0.16,4,18,4.0,100,1.0,25,39,2026,0.6487813369202236,0.5110740596537097,0.049467343469186784,0.5080938639955069,39.0,0.1,False,none,0.7238037610402543,0.8298348505370721,0.029286822535410616,0.8325362780134076,2.0,0.1,False,none,0.6897825982627057,0.47575626689702605,0.02875925380775758,0.47065316504295246,40.0,0.05,True,higher,3.72647135079077,2.718653271705949,0.08703761662343934,2.7143647938001663,40.0,0.05,True,higher,1.1730115906546887,0.9185509891029756,0.05271606560844721,0.9208480291407888,40.0,0.05,True,higher,102.0,42.58974358974359,13.256017399692286,38.0,40.0,0.05,True,higher,0.33493305178288624,0.41718319114297425,0.03784542688741348,0.4208619283006191,2.0,0.1,False,none,2.027305737109659,2.131137079419984,0.028949718604914694,2.126847290640394,1.0,0.05,True,lower,3.0,3.948717948717949,0.3202563076101743,4.0,2.5,0.2,False,none
14,Processed,Awake,60,32,142.69109692489403,24.993626625203223,8,0.16,4,18,4.0,100,1.0,25,39,2026,0.6288988568741843,0.5362795276853216,0.046711370040201754,0.5301753871606176,40.0,0.05,True,higher,0.6878950056475305,0.8135537019495113,0.027453121397933516,0.8183666361021129,1.0,0.05,True,lower,0.7025963430436243,0.4791858171423368,0.021046886515453396,0.4747324470893123,40.0,0.05,True,higher,3.9312567132116003,2.714894398239103,0.07796803283382378,2.711315149878477,40.0,0.05,True,higher,1.3514401244603607,0.9553043586561544,0.050433201734120615,0.9582137166770657,40.0,0.05,True,higher,85.0,39.205128205128204,6.160910250499503,38.0,40.0,0.05,True,higher,0.28315016557085954,0.39455640422670224,0.02358917356754853,0.395402409175985,1.0,0.05,True,lower,2.0267949158364824,2.130244255464325,0.02595445394298372,2.1275699144426,1.0,0.05,True,lower,3.0,4.0,0.0,4.0,1.0,0.05,True,lower
14,Processed,Awake,60,33,112.315013660346,24.993626625203223,8,0.16,4,18,4.0,100,1.0,25,39,2026,0.8064619436824366,0.7185923877734105,0.03436546717453344,0.7201876060413404,40.0,0.05,True,higher,0.5334636347611104,0.6613139597558634,0.028981480883139617,0.6609886800642804,1.0,0.05,True,lower,0.7725200364735807,0.575055713271387,0.01875967017490876,0.5781062532994193,40.0,0.05,True,higher,4.222717733473242,2.8779800951819374,0.0921738910669668,2.8766296475132784,40.0,0.05,True,higher,1.4689064247317685,1.0744145201799062,0.054365563650037904,1.083054422440987,40.0,0.05,True,higher,117.0,42.92307692307692,6.674320842187123,42.0,40.0,0.05,True,higher,0.08273743821087488,0.2338812984299379,0.02006254301885468,0.23273503863320055,1.0,0.05,True,lower,2.0,2.0260040613365633,0.007256723991288661,2.0252863626539876,1.0,0.05,True,lower,2.0,3.076923076923077,0.2699527623995085,3.0,1.0,0.05,True,lower
14,Processed,Awake,60,34,142.69109692489403,24.993626625203223,8,0.16,4,18,4.0,100,1.0,25,39,2026,0.5257021842438858,0.32106925647045625,0.04659650523920724,0.31331315567761386,40.0,0.05,True,higher,0.792180168212975,0.9417313818541672,0.020943720027281183,0.9472184691686008,1.0,0.05,True,lower,0.6577722320871526,0.40742490860070174,0.02048795297882627,0.40538465230119497,40.0,0.05,True,higher,3.789328172518662,2.4874583477627206,0.05310147622270641,2.5013325436778207,40.0,0.05,True,higher,1.3232188627193915,0.808291294177897,0.04821158345757252,0.8159777126957288,40.0,0.05,True,higher,89.0,30.205128205128204,7.3455302813826755,28.0,40.0,0.05,True,higher,0.4155828574170946,0.4975210516795198,0.022490094618923553,0.49409703892114987,1.0,0.05,True,lower,2.12112676056338,2.2691659384523293,0.03333321622620603,2.2674342105263157,1.0,0.05,True,lower,4.0,4.794871794871795,0.5221154933480352,5.0,6.0,0.55,False,none
14,Processed,Awake,60,36,142.69109692489403,24.993626625203223,8,0.16,4,18,4.0,100,1.0,25,39,2026,0.5403425540010404,0.3926243402084212,0.04287808383122309,0.39339301817166494,40.0,0.05,True,higher,0.7499344608145567,0.8957517519474615,0.018806415993052557,0.8925231981497314,1.0,0.05,True,lower,0.6249940010558142,0.44646542208571294,0.018079068898590355,0.45040072947161297,40.0,0.05,True,higher,3.637709497206704,2.6064717497168934,0.05800352257271902,2.603947012706137,40.0,0.05,True,higher,1.2580501920623877,0.8878640376120475,0.04609496168922326,0.8906971527571896,40.0,0.05,True,higher,96.0,35.07692307692308,7.172258747881221,34.0,40.0,0.05,True,higher,0.33577290396890147,0.46305450240757634,0.021322742504923314,0.4644862504199261,1.0,0.05,True,lower,2.0602179034157833,2.2017350927419725,0.021676326682076714,2.1998408548368764,1.0,0.05,True,lower,3.0,4.0,0.0,4.0,1.0,0.05,True,lower
14,Processed,Awake,60,37,112.315013660346,24.993626625203223,8,0.16,4,18,4.0,100,1.0,25,39,2026,0.6695452546435324,0.5719290234321077,0.0462803514820685,0.5732309869683936,40.0,0.05,True,higher,0.6761181946775429,0.7901969775541313,0.025924331991135304,0.7911241620190287,1.0,0.05,True,lower,0.7172817584105198,0.5077211026243997,0.025674797977005625,0.5074626865671642,40.0,0.05,True,higher,3.88006230529595,2.751607807556727,0.07908882214147121,2.7550518842162752,40.0,0.05,True,higher,1.3663780161966008,0.9833254211746334,0.054755160214454125,0.9771783732152026,40.0,0.05,True,higher,91.0,39.282051282051285,7.833627639689095,39.0,40.0,0.05,True,higher,0.21692182175937036,0.36579592760904844,0.029847557222317165,0.3618803090656045,1.0,0.05,True,lower,2.0192092919365647,2.105568923676456,0.026524898559009358,2.1065336802544086,1.0,0.05,True,lower,3.0,3.8974358974358974,0.3073547406047282,4.0,3.0,0.25,False,none
14,Processed,Awake,60,38,88.40539154424945,24.993626625203223,8,0.16,4,18,4.0,100,1.0,25,39,2026,0.7477821739694437,0.6788187232689504,0.04749208956206635,0.6841398930027142,39.0,0.1,False,none,0.5984672270084604,0.6913725119452023,0.034407471806708965,0.6856125712702799,1.0,0.05,True,lower,0.7882612660171809,0.5970776835584629,0.019396395460891072,0.5997024523683832,40.0,0.05,True,higher,4.498767460969598,3.0278784976408897,0.1030969593104802,3.0247279920870427,40.0,0.05,True,higher,1.5708794610206551,1.146914469395702,0.050545397425964984,1.1500900560215455,40.0,0.05,True,higher,95.0,47.84615384615385,9.919514158143192,44.0,40.0,0.05,True,higher,0.11078850122378461,0.2724166700506864,0.03101255556542383,0.2678648557853818,1.0,0.05,True,lower,2.0030368763557482,2.049663650736748,0.016684985029814796,2.0461734230139976,1.0,0.05,True,lower,3.0,3.0256410256410255,0.16012815380508716,3.0,20.0,1.0,False,none
14,Processed,Awake,60,39,112.315013660346,24.993626625203223,8,0.16,4,18,4.0,100,1.0,25,39,2026,0.6647703597492439,0.5252483028355264,0.05080662059966319,0.5164235794731955,40.0,0.05,True,higher,0.6625152066809761,0.818887238141039,0.02982509596770246,0.8215280138198809,1.0,0.05,True,lower,0.7135864087920526,0.5068326436085712,0.01947134328820731,0.5070787541392715,40.0,0.05,True,higher,3.864085239085239,2.7193827338499674,0.05668620901125898,2.721146592909228,40.0,0.05,True,higher,1.4074796414826574,0.9725329872174413,0.03863414629197037,0.9695542264810595,40.0,0.05,True,higher,74.0,39.61538461538461,7.432557768343082,39.0,40.0,0.05,True,higher,0.21579402025243558,0.41790921720854046,0.03105461105022175,0.42234966645870325,1.0,0.05,True,lower,2.012307003803983,2.12400281275367,0.025529856726071734,2.120894318312781,1.0,0.05,True,lower,3.0,3.9743589743589745,0.1601281538050872,4.0,1.5,0.1,False,none
14,Processed,Awake,60,40,88.40539154424945,24.993626625203223,8,0.16,4,18,4.0,100,1.0,25,39,2026,0.8210788360376853,0.7269631180466023,0.031193145367630994,0.7244382666347469,40.0,0.05,True,higher,0.516824634711011,0.6525037760400577,0.02748007341033995,0.6552303211213336,1.0,0.05,True,lower,0.7498680232279119,0.5865306167652954,0.01641324735711194,0.5854969525363536,40.0,0.05,True,higher,4.233270116499593,2.994521723606211,0.10296150091122229,2.983614575690878,40.0,0.05,True,higher,1.4996963603111562,1.1425809579526733,0.05415698342334853,1.1461156563405237,40.0,0.05,True,higher,112.0,45.23076923076923,6.787998458818555,43.0,40.0,0.05,True,higher,0.11777127225608293,0.25958077532200485,0.03064582907765512,0.2598982579066084,1.0,0.05,True,lower,2.003265306122449,2.047311801048162,0.01139513587646425,2.046908315565032,1.0,0.05,True,lower,3.0,3.051282051282051,0.22345586503095893,3.0,19.5,1.0,False,none
14,Processed,Awake,60,42,112.315013660346,24.993626625203223,8,0.16,4,18,4.0,100,1.0,25,39,2026,0.669150728746414,0.5573686956216256,0.06224560175791095,0.5468413938431136,40.0,0.05,True,higher,0.6572739303075722,0.7948326168256019,0.03596301697296687,0.8027447259082858,1.0,0.05,True,lower,0.7019244612948121,0.5212018069435164,0.01845240151084526,0.5195565580457839,40.0,0.05,True,higher,3.976617727025557,2.7913896827648075,0.07731269956586861,2.7885714285714287,40.0,0.05,True,higher,1.423700574082828,1.0188784335922836,0.048315945385702413,1.0250320424139563,40.0,0.05,True,higher,99.0,39.256410256410255,7.9064196059376455,39.0,40.0,0.05,True,higher,0.24374910015837212,0.41055604982753807,0.030232088500999975,0.4176944857705044,1.0,0.05,True,lower,2.027544910179641,2.1432354673835508,0.021516810231091612,2.1455947932987827,1.0,0.05,True,lower,3.0,4.0,0.0,4.0,1.0,0.05,True,lower
14,Processed,Awake,120,1,112.315013660346,24.993626625203223,8,0.16,4,18,4.0,100,1.0,25,39,2026,0.7723373549247664,0.7047480524533913,0.029037803724059563,0.7036165444921142,40.0,0.05,True,higher,0.5430717424485106,0.6716418662647283,0.02334691702777476,0.6710955078469621,1.0,0.05,True,lower,0.7546169571393923,0.5590959556518617,0.010316940258500917,0.5610570204312625,40.0,0.05,True,higher,4.1778246690964895,2.9307081750391117,0.047772250735306165,2.926463727548402,40.0,0.05,True,higher,1.476555826923843,1.0885690314045693,0.025187945693062198,1.082250475195396,40.0,0.05,True,higher,125.0,57.92307692307692,10.866134293939457,56.0,40.0,0.05,True,higher,0.1720834343924327,0.28636446960482853,0.019190072777156803,0.2872503840245776,1.0,0.05,True,lower,2.0063964449232428,2.0697867513410735,0.010838414351075663,2.07076425394258,1.0,0.05,True,lower,3.0,3.4615384615384617,0.5050353737560759,3.0,11.5,1.0,False,none
14,Processed,Awake,120,2,142.69109692489403,24.993626625203223,8,0.16,4,18,4.0,100,1.0,25,39,2026,0.6608412988051848,0.5719016757895946,0.035753514674582126,0.5720895239374921,40.0,0.05,True,higher,0.6438234763340818,0.7799795317335004,0.01974159389042294,0.7823412186296487,1.0,0.05,True,lower,0.7160759040458289,0.525000318354672,0.012607341403865043,0.5249413857223705,40.0,0.05,True,higher,4.14743461101077,2.8389137233942403,0.05297038811268337,2.845812141891457,40.0,0.05,True,higher,1.4805505758160638,1.0521353152093582,0.031712736150836605,1.0586320865111924,40.0,0.05,True,higher,100.0,48.53846153846154,7.860113009252388,47.0,40.0,0.05,True,higher,0.27314830855941696,0.4391784139540627,0.019321275992541923,0.44054260074148505,1.0,0.05,True,lower,2.0230966638152266,2.1463618252433108,0.015491133871827155,2.1453392621870884,1.0,0.05,True,lower,3.0,4.0,0.0,4.0,1.0,0.05,True,lower
14,Processed,Awake,120,3,142.69109692489403,24.993626625203223,8,0.16,4,18,4.0,100,1.0,25,39,2026,0.654074742132369,0.5688805552789137,0.029617584323916243,0.5737059225567758,40.0,0.05,True,higher,0.6664915568421554,0.7850456997169724,0.018073258493236672,0.7856021273350339,1.0,0.05,True,lower,0.7096543201321276,0.5226735158823445,0.011216947850822874,0.5241560121501911,40.0,0.05,True,higher,4.0125383660941685,2.7900914531021557,0.05325037556103468,2.792858019388882,40.0,0.05,True,higher,1.4083326652466743,1.02679933787155,0.03693974832876398,1.0325786795252692,40.0,0.05,True,higher,156.0,48.17948717948718,7.680706501466737,46.0,40.0,0.05,True,higher,0.22215099961886284,0.40507315198074356,0.02642736176415891,0.40460598500860445,1.0,0.05,True,lower,2.0210675633077653,2.121494885418323,0.015708347993451426,2.121714285714286,1.0,0.05,True,lower,3.0,4.0,0.0,4.0,1.0,0.05,True,lower
14,Processed,Awake,120,4,142.69109692489403,24.993626625203223,8,0.16,4,18,4.0,100,1.0,25,39,2026,0.5872837782344351,0.44110701950872994,0.03218260810084413,0.4395091952966717,40.0,0.05,True,higher,0.7072281796322069,0.8536668232853054,0.014878637978452227,0.8529208522083048,1.0,0.05,True,lower,0.666331727937355,0.514655716450526,0.013953024395469745,0.5122137140085237,40.0,0.05,True,higher,3.946439564949723,2.8661220005628136,0.051777743544073176,2.863533408833522,40.0,0.05,True,higher,1.4151888803984738,1.0646590034318448,0.031083327245837893,1.0583399778097093,40.0,0.05,True,higher,108.0,48.43589743589744,7.0029876022755335,48.0,40.0,0.05,True,higher,0.40889089082152386,0.5024935314772812,0.017440333127615882,0.5049143596317984,1.0,0.05,True,lower,2.095472033145901,2.218813126848882,0.016338242478696714,2.2181864043385042,1.0,0.05,True,lower,4.0,4.102564102564102,0.3073547406047281,4.0,18.5,1.0,False,none
14,Processed,Awake,120,6,142.69109692489403,24.993626625203223,8,0.16,4,18,4.0,100,1.0,25,39,2026,0.7233545447851966,0.48774536043676764,0.035722918710837805,0.4857863746373364,40.0,0.05,True,higher,0.6009196391389185,0.8431528121206481,0.018206976350238043,0.8453005415710415,1.0,0.05,True,lower,0.5983160666643568,0.41295309643599726,0.01322721742087428,0.4160516498619821,40.0,0.05,True,higher,3.564822460776218,2.572209148039027,0.05175929471324438,2.575890643813301,40.0,0.05,True,higher,1.1047763651518219,0.816845080422367,0.037654726640918824,0.8183608818338326,40.0,0.05,True,higher,129.0,42.205128205128204,7.349111966330165,40.0,40.0,0.05,True,higher,0.2297390942794775,0.3843812828775235,0.017940342921753727,0.38340667336544126,1.0,0.05,True,lower,2.007518796992481,2.096530187842453,0.012671191367443673,2.09597394719198,1.0,0.05,True,lower,3.0,4.0,0.0,4.0,1.0,0.05,True,lower
14,Processed,Awake,120,7,112.315013660346,24.993626625203223,8,0.16,4,18,4.0,100,1.0,25,39,2026,0.6957485518671896,0.5902419170575569,0.034550417462758234,0.588204265499171,40.0,0.05,True,higher,0.6177388637561808,0.7655531241103071,0.019383398089167354,0.7651394900724345,1.0,0.05,True,lower,0.6868091888707945,0.5152577769604206,0.013765134428514531,0.5142117967730386,40.0,0.05,True,higher,3.9651930386077217,2.834862217625917,0.04923507077962152,2.8424230986978674,40.0,0.05,True,higher,1.3572501584148022,1.0308212465124251,0.034331130560094986,1.0354461163419808,40.0,0.05,True,higher,149.0,50.02564102564103,7.343049629938932,50.0,40.0,0.05,True,higher,0.22529249390758002,0.35772137421421935,0.019173482948969676,0.3554335146622316,1.0,0.05,True,lower,2.0240207522697795,2.0935862827311333,0.016305479953899298,2.0964565587734243,1.0,0.05,True,lower,3.0,4.0,0.0,4.0,1.0,0.05,True,lower
14,Processed,Awake,120,8,112.315013660346,24.993626625203223,8,0.16,4,18,4.0,100,1.0,25,39,2026,0.7008445965531231,0.6181718477330412,0.03315058725093615,0.6138542554272135,40.0,0.05,True,higher,0.6244118787333057,0.7480458168414793,0.021423730310660208,0.7513117636455302,1.0,0.05,True,lower,0.7438065209105713,0.5339092147241553,0.013787212762596764,0.5341348763614104,40.0,0.05,True,higher,4.205916927899686,2.8062374660461518,0.05461293933560444,2.799878530215609,40.0,0.05,True,higher,1.462010699429779,1.0186231147826217,0.03196651609342528,1.0160630539077602,40.0,0.05,True,higher,121.0,50.51282051282051,9.304418290795747,49.0,40.0,0.05,True,higher,0.16848573045517018,0.33374749055078917,0.020003563831161947,0.3357010036612268,1.0,0.05,True,lower,2.004121445253469,2.0707212838741316,0.012842752530210487,2.069614024856945,1.0,0.05,True,lower,3.0,3.7948717948717947,0.40907386924530537,4.0,5.0,0.45,False,none
14,Processed,Awake,120,9,112.315013660346,24.993626625203223,8,0.16,4,18,4.0,100,1.0,25,39,2026,0.6542318437623806,0.5322627530339877,0.036191587488165075,0.528738651622302,40.0,0.05,True,higher,0.6694913173631047,0.8129242647364675,0.020518826922676873,0.816696120290021,1.0,0.05,True,lower,0.6713789080997424,0.48357186242221406,0.020571400114322402,0.48038298511255095,40.0,0.05,True,higher,3.820069658934087,2.718126150464801,0.06627375355498445,2.705724566568531,40.0,0.05,True,higher,1.2653179113128494,0.9497308992660646,0.03956284879717746,0.947545190815009,40.0,0.05,True,higher,135.0,52.58974358974359,21.40673522726944,47.0,39.0,0.1,False,none,0.2754755552475659,0.38901489811021694,0.030259495869926843,0.3856761719968123,1.0,0.05,True,lower,2.0287925828265214,2.11516078811372,0.022183622783629616,2.1120542237975313,1.0,0.05,True,lower,3.0,4.0,0.0,4.0,1.0,0.05,True,lower
14,Processed,Awake,120,10,112.315013660346,24.993626625203223,8,0.16,4,18,4.0,100,1.0,25,39,2026,0.6773520217735209,0.5071446029619081,0.029287123068819733,0.5070321234782617,40.0,0.05,True,higher,0.6485532195473751,0.8221895186862411,0.015732944176867863,0.8227750301993149,1.0,0.05,True,lower,0.6718062437198988,0.5122148985840472,0.011332939711254342,0.5132531790305256,40.0,0.05,True,higher,3.9376523151909018,2.8020575904340665,0.05598008671401728,2.7968995167262913,40.0,0.05,True,higher,1.3966251557577738,1.0252696320573296,0.029275342978549956,1.025982869684099,40.0,0.05,True,higher,107.0,48.743589743589745,6.976343291581723,46.0,40.0,0.05,True,higher,0.3402342261182911,0.4616395946737931,0.022473741320169497,0.4624579882886941,1.0,0.05,True,lower,2.0917773201732586,2.1961088106284885,0.017755983116023555,2.198637156865461,1.0,0.05,True,lower,3.0,4.0,0.0,4.0,1.0,0.05,True,lower
14,Processed,Awake,120,14,112.315013660346,24.993626625203223,8,0.16,4,18,4.0,100,1.0,25,39,2026,0.6646412165364693,0.4534741183855155,0.02557103931189609,0.448489790120183,40.0,0.05,True,higher,0.6339942477051814,0.8494613383929667,0.014751509704409927,0.8521305783848663,1.0,0.05,True,lower,0.6832519085732766,0.45441057446878447,0.016560221762160418,0.4542346650035226,40.0,0.05,True,higher,3.79997430626927,2.706996747700522,0.059275370563362885,2.7080197952681173,40.0,0.05,True,higher,1.1713517134534406,0.8930415214290149,0.03445120076246953,0.8941774419099391,40.0,0.05,True,higher,105.0,53.87179487179487,12.32494152261026,50.0,40.0,0.05,True,higher,0.34826698081609553,0.396141156388549,0.02817831333360519,0.3956377117909982,2.0,0.1,False,none,2.0501767745444655,2.126060111993559,0.020069297839378816,2.1263500931098696,1.0,0.05,True,lower,3.0,4.0,0.0,4.0,1.0,0.05,True,lower
14,Processed,Awake,120,15,142.69109692489403,24.993626625203223,8,0.16,4,18,4.0,100,1.0,25,39,2026,0.6554803213278825,0.4840706728522285,0.03425633538397877,0.4836119849909767,40.0,0.05,True,higher,0.6925541165980823,0.8456697019987482,0.018333745736139034,0.8477808752878082,1.0,0.05,True,lower,0.6911287435177806,0.4528276854253085,0.013122744529803734,0.4531143527020316,40.0,0.05,True,higher,3.850460073354353,2.595533742491347,0.046846981669124044,2.5978997740263194,40.0,0.05,True,higher,1.288478933409553,0.873446825106171,0.03479289916906198,0.8716690838263422,40.0,0.05,True,higher,105.0,43.717948717948715,7.355444521071728,40.0,40.0,0.05,True,higher,0.3104882020720003,0.4258472010109168,0.015698035479802867,0.4261575597981128,1.0,0.05,True,lower,2.0285994566857832,2.1448310065404685,0.0165432910146643,2.1455337690631806,1.0,0.05,True,lower,3.0,4.0,0.0,4.0,1.0,0.05,True,lower
14,Processed,Awake,120,16,112.315013660346,24.993626625203223,8,0.16,4,18,4.0,100,1.0,25,39,2026,0.7020299081676136,0.5557868421463936,0.04080926809830211,0.5527784084744432,40.0,0.05,True,higher,0.6561885415930312,0.7999858650948217,0.025103071761291746,0.8035511354817743,1.0,0.05,True,lower,0.725869974475359,0.4963478055886497,0.014968615247787012,0.4972338680803391,40.0,0.05,True,higher,4.130932036282371,2.7199393715646836,0.03993953336204963,2.7211168589998675,40.0,0.05,True,higher,1.426072701302242,0.9763517540481755,0.02506966258239508,0.9813157736469953,40.0,0.05,True,higher,146.0,47.76923076923077,8.37119603622583,45.0,40.0,0.05,True,higher,0.2660452975757366,0.38244228081725046,0.01842927349834956,0.3836376655925528,1.0,0.05,True,lower,2.0533048090208137,2.117936950553,0.017519703688675923,2.1188374732064053,1.0,0.05,True,lower,4.0,4.051282051282051,0.22345586503095893,4.0,19.5,1.0,False,none
14,Processed,Awake,120,17,142.69109692489403,24.993626625203223,8,0.16,4,18,4.0,100,1.0,25,39,2026,0.5717487412081411,0.3136241822716722,0.02685758430688847,0.31405715743596835,40.0,0.05,True,higher,0.7537937408404729,0.9376867084891867,0.011300261847416343,0.9392376391842705,1.0,0.05,True,lower,0.5972304031969324,0.41834498807576664,0.010341982198862676,0.41780719078802997,40.0,0.05,True,higher,3.605745763893731,2.5156760320810068,0.030404920317909142,2.5151493699561094,40.0,0.05,True,higher,1.2610730710271778,0.8317736062327842,0.02876387187998255,0.8324687176172473,40.0,0.05,True,higher,97.0,39.43589743589744,7.566529037373365,39.0,40.0,0.05,True,higher,0.44158784056916484,0.5169936243183878,0.014800718560695375,0.5154533799937632,1.0,0.05,True,lower,2.1767150583546826,2.3108781838270853,0.02621205055705392,2.3084661817056182,1.0,0.05,True,lower,5.0,5.871794871794871,0.8328608647145148,6.0,7.5,0.7,False,none
14,Processed,Awake,120,18,88.40539154424945,24.993626625203223,8,0.16,4,18,4.0,100,1.0,25,39,2026,0.716356231768725,0.6490966228307454,0.026122034083491397,0.6478358402832369,40.0,0.05,True,higher,0.6271377725975649,0.7259856129170493,0.019091287937149797,0.7265743548254432,1.0,0.05,True,lower,0.7488652506843144,0.5536993257099975,0.01270446416435952,0.5514361941720661,40.0,0.05,True,higher,4.208958130477118,2.8757440275983495,0.04709934614388655,2.861431870669746,40.0,0.05,True,higher,1.4468763118697003,1.0648769072892112,0.025658103055584355,1.062713904449126,40.0,0.05,True,higher,95.0,53.61538461538461,8.484088465181173,54.0,40.0,0.05,True,higher,0.18494392663686868,0.31986500577332494,0.021105158068811677,0.3200397306630632,1.0,0.05,True,lower,2.014974204102177,2.0792986288600277,0.012729707414990661,2.077407174323474,1.0,0.05,True,lower,3.0,3.8974358974358974,0.30735474060472817,4.0,3.0,0.25,False,none
14,Processed,Awake,120,19,88.40539154424945,24.993626625203223,8,0.16,4,18,4.0,100,1.0,25,39,2026,0.7448654048032819,0.627646068583188,0.03271808311524615,0.6316387446875042,40.0,0.05,True,higher,0.5941466952786676,0.7400667512353061,0.023077371748505646,0.7398393380154457,1.0,0.05,True,lower,0.7354215030664218,0.5553944532843393,0.014463308033246471,0.5570493052908769,40.0,0.05,True,higher,4.098017762903849,2.887535342114416,0.07455493497112894,2.8940393415344388,40.0,0.05,True,higher,1.4937776706654515,1.0832964967116117,0.043502360727043804,1.0908927175430234,40.0,0.05,True,higher,135.0,52.58974358974359,10.89354697616884,49.0,40.0,0.05,True,higher,0.1607994640980331,0.34119373229244687,0.01856614562994014,0.3399801346684684,1.0,0.05,True,lower,2.005257093475443,2.079966221188433,0.012614489360479507,2.078002203452075,1.0,0.05,True,lower,3.0,3.948717948717949,0.22345586503095893,4.0,2.0,0.15,False,none
14,Processed,Awake,120,20,112.315013660346,24.993626625203223,8,0.16,4,18,4.0,100,1.0,25,39,2026,0.5918973510818352,0.4704148201454423,0.058636005191054275,0.4575687593364943,37.0,0.2,False,none,0.7222038433307412,0.8505176280902842,0.03502792437171758,0.8607172754682251,1.0,0.05,True,lower,0.6805262002933601,0.4977701846486713,0.01936987386528059,0.4961251053902036,40.0,0.05,True,higher,3.94655056932351,2.7121622605812923,0.05843683859937535,2.7099867516245033,40.0,0.05,True,higher,1.3888878580375417,0.9745695158431135,0.03599758162125889,0.9743869390592627,40.0,0.05,True,higher,117.0,54.794871794871796,31.713503256482415,43.0,37.0,0.2,False,none,0.3429772588152409,0.48868330580675956,0.02639548415838697,0.4876072670154649,1.0,0.05,True,lower,2.0625086817613556,2.203350214047686,0.027329041777417254,2.2013854783260527,1.0,0.05,True,lower,4.0,4.0256410256410255,0.16012815380508713,4.0,20.0,1.0,False,none
14,Processed,Awake,180,1,112.315013660346,24.993626625203223,8,0.16,4,18,4.0,100,1.0,25,39,2026,0.7034848702721693,0.625334332046594,0.02350904388243983,0.6226785102619967,40.0,0.05,True,higher,0.6038129796498867,0.7335498767687729,0.01527191988163457,0.7350008835223119,1.0,0.05,True,lower,0.7231224475318964,0.5554551263212679,0.007919152506285767,0.5555589335116894,40.0,0.05,True,higher,4.129814509361345,2.9798013021858396,0.037318537923645506,2.9777025196423734,40.0,0.05,True,higher,1.4624527657236732,1.1252569594254582,0.02059357650894955,1.1264147225225354,40.0,0.05,True,higher,140.0,59.94871794871795,7.196302844438933,60.0,40.0,0.05,True,higher,0.2439982164391613,0.36789294269609235,0.015214610621030937,0.3637045369328834,1.0,0.05,True,lower,2.0169633507853404,2.1026596980944996,0.011743811005104306,2.10087481833984,1.0,0.05,True,lower,3.0,4.0,0.0,4.0,1.0,0.05,True,lower
14,Processed,Awake,180,2,142.69109692489403,24.993626625203223,8,0.16,4,18,4.0,100,1.0,25,39,2026,0.6433099638523346,0.5245459628140291,0.028440845537134406,0.5229898238528365,40.0,0.05,True,higher,0.6758544827226349,0.8158613135549303,0.015347396673528257,0.8166916685158443,1.0,0.05,True,lower,0.7011116853636539,0.4974202808848479,0.009245623689976864,0.4983025770427345,40.0,0.05,True,higher,4.014681135031625,2.723693776126098,0.03203131883747689,2.7264547260857226,40.0,0.05,True,higher,1.4163135473233637,0.9844956779409038,0.021492093211942506,0.9862343450386352,40.0,0.05,True,higher,156.0,51.17948717948718,7.973217652246456,50.0,40.0,0.05,True,higher,0.2623734533183352,0.431538443349467,0.013247753207242969,0.43309366734563587,1.0,0.05,True,lower,2.0312843244939587,2.150389908935062,0.01225760035325414,2.1513831095757765,1.0,0.05,True,lower,3.0,4.0,0.0,4.0,1.0,0.05,True,lower
14,Processed,Awake,180,4,112.315013660346,24.993626625203223,8,0.16,4,18,4.0,100,1.0,25,39,2026,0.7144489026585273,0.5540031389168094,0.028540141818845084,0.553489247752561,40.0,0.05,True,higher,0.6060456505818974,0.7933818157129464,0.015242111529795594,0.7930389701250722,1.0,0.05,True,lower,0.6069984495181345,0.45552979934016957,0.009627383259720138,0.45555792012484925,40.0,0.05,True,higher,3.6371254212587667,2.7228114736901885,0.039051103304828506,2.72202316971217,40.0,0.05,True,higher,1.1649118392241873,0.9153874889035393,0.02563931270185976,0.9144662179275201,40.0,0.05,True,higher,129.0,52.15384615384615,6.1496189934972545,52.0,40.0,0.05,True,higher,0.2592091529099403,0.3622361164342695,0.013988456914298229,0.3604186301036695,1.0,0.05,True,lower,2.0170727860578817,2.0804292191539915,0.011688714212328784,2.0785476742344624,1.0,0.05,True,lower,3.0,4.0,0.0,4.0,1.0,0.05,True,lower
14,Processed,Awake,180,5,88.40539154424945,24.993626625203223,8,0.16,4,18,4.0,100,1.0,25,39,2026,0.7011019480095123,0.6603555245292749,0.022579366421773744,0.6608537277876563,40.0,0.05,True,higher,0.6190519763506325,0.7081005196548633,0.016789592528576393,0.7082457709238216,1.0,0.05,True,lower,0.7259092613423322,0.5714565045273706,0.011043438954675558,0.570364515246405,40.0,0.05,True,higher,4.119978143962269,2.975340494460665,0.044723937734444524,2.970519027398372,40.0,0.05,True,higher,1.4367493349230331,1.1076940109181823,0.024772598161843164,1.1026703547667278,40.0,0.05,True,higher,174.0,65.07692307692308,13.32268468160626,63.0,40.0,0.05,True,higher,0.17443174332938113,0.28958743722523256,0.020977942378647474,0.2885467019325287,1.0,0.05,True,lower,2.0055052285106756,2.048521673764948,0.01020970304564014,2.0466930344979124,1.0,0.05,True,lower,3.0,3.3333333333333335,0.4775669329409193,3.0,14.0,1.0,False,none
14,Processed,Awake,180,6,112.315013660346,24.993626625203223,8,0.16,4,18,4.0,100,1.0,25,39,2026,0.641698173563056,0.493759652953202,0.0226826441108952,0.490651203066512,40.0,0.05,True,higher,0.6683793339600058,0.8372778208409171,0.010750466565154734,0.8386753004094246,1.0,0.05,True,lower,0.6759036877147113,0.4816548399225564,0.014692675509991246,0.4830916405719555,40.0,0.05,True,higher,3.831207995864208,2.684817728346432,0.04661285549191754,2.6853466401278347,40.0,0.05,True,higher,1.3189925188294784,0.9423683811838932,0.031248018284250837,0.9484131852868144,40.0,0.05,True,higher,135.0,55.84615384615385,13.796525995867796,55.0,40.0,0.05,True,higher,0.3164097731026865,0.43883417899165933,0.019275934506518037,0.43498363380253147,1.0,0.05,True,lower,2.0547192471579225,2.1631161742360017,0.016271537385275696,2.16256495476247,1.0,0.05,True,lower,4.0,4.0,0.0,4.0,20.5,1.0,False,none
14,Processed,Awake,180,9,112.315013660346,24.993626625203223,8,0.16,4,18,4.0,100,1.0,25,39,2026,0.6654597727743211,0.44654432813843326,0.022797186295233952,0.4434033835616336,40.0,0.05,True,higher,0.6737534859872993,0.8554342657302342,0.01207655664012923,0.854482598032162,1.0,0.05,True,lower,0.679673486760101,0.4576626466390246,0.013176404095695756,0.45541604596722707,40.0,0.05,True,higher,3.824784009580565,2.6977435590701067,0.042758995510323944,2.7051095333454698,40.0,0.05,True,higher,1.175160858320489,0.8969355546512441,0.027727801390212074,0.8955768587718882,40.0,0.05,True,higher,138.0,56.53846153846154,12.150040402458608,54.0,40.0,0.05,True,higher,0.3936095825859605,0.4243363160685996,0.016028768722002495,0.42563514020206933,3.0,0.15,False,none,2.058592041976388,2.1323277119089186,0.015321578157765041,2.1308500356089124,1.0,0.05,True,lower,4.0,4.0256410256410255,0.16012815380508716,4.0,20.0,1.0,False,none
14,Processed,Awake,180,10,112.315013660346,24.993626625203223,8,0.16,4,18,4.0,100,1.0,25,39,2026,0.676997104056002,0.5501167220648028,0.026427549910625885,0.5548565945559947,40.0,0.05,True,higher,0.6611005938675765,0.802139709652234,0.014892023289996024,0.8020346962073706,1.0,0.05,True,lower,0.7204167046686731,0.4870720421901525,0.014646972048087284,0.4889692842448748,40.0,0.05,True,higher,4.132178563124855,2.6982814095244723,0.03651769681739226,2.7015481089555164,40.0,0.05,True,higher,1.417887768050977,0.9615767647803144,0.023251230169942624,0.9637125373575017,40.0,0.05,True,higher,146.0,51.46153846153846,6.824283860041958,50.0,40.0,0.05,True,higher,0.275025588017714,0.3867929970292175,0.016325251691032248,0.38714924147995017,1.0,0.05,True,lower,2.045004144374953,2.117875043157469,0.01286776253958418,2.1149401454203645,1.0,0.05,True,lower,4.0,4.051282051282051,0.22345586503095893,4.0,19.5,1.0,False,none
14,Processed,Awake,180,11,112.315013660346,24.993626625203223,8,0.16,4,18,4.0,100,1.0,25,39,2026,0.6012364081042372,0.4236361775618516,0.03171134958607886,0.4216257463495246,40.0,0.05,True,higher,0.7246118443536558,0.8780506952862487,0.014194716288549833,0.8761115226916114,1.0,0.05,True,lower,0.6272661863213045,0.44855892493687777,0.011552837189548686,0.44885943311140164,40.0,0.05,True,higher,3.7186026253341744,2.624679193430663,0.04245293571570202,2.618461256416524,40.0,0.05,True,higher,1.3141599059649607,0.9059799502479993,0.029663703090710366,0.9004491140924886,40.0,0.05,True,higher,108.0,49.94871794871795,11.071415822427157,46.0,40.0,0.05,True,higher,0.37841638038488434,0.4704901752145848,0.01613696801948553,0.4690942348422663,1.0,0.05,True,lower,2.1087800539311883,2.219504343162233,0.018912361172351348,2.215233726361562,1.0,0.05,True,lower,5.0,4.897435897435898,0.38353424295565597,5.0,22.5,1.0,False,none
14,Processed,Awake,180,12,69.5856502117081,24.993626625203223,8,0.16,4,18,4.0,100,1.0,25,39,2026,0.7589415818105492,0.7026948912059933,0.026977559666876063,0.7011065552986931,40.0,0.05,True,higher,0.5767907985754778,0.6719470420785816,0.022001951801593676,0.6740057039025573,1.0,0.05,True,lower,0.7470282430912352,0.6035139578446665,0.009810084430375806,0.6032590520779497,40.0,0.05,True,higher,4.170164620693557,3.0699857533816117,0.04999284985474317,3.064112467171327,40.0,0.05,True,higher,1.5036036212907449,1.1739249902888222,0.022771923353910165,1.1706907791201533,40.0,0.05,True,higher,131.0,65.48717948717949,7.315706948145688,63.0,40.0,0.05,True,higher,0.14573769495029337,0.2660153447555022,0.019725698592204296,0.26678675300722543,1.0,0.05,True,lower,2.004774517320694,2.0467478001238546,0.008729602064400424,2.045876089476622,1.0,0.05,True,lower,3.0,3.282051282051282,0.455880752454893,3.0,15.0,1.0,False,none
14,Processed,Drowsy,60,10,181.28252384140612,24.993626625203223,8,0.16,4,18,4.0,100,1.0,25,39,2026,0.6787875346569876,0.4165307615423457,0.03943855393084623,0.4155509720656012,40.0,0.05,True,higher,0.6375355541825658,0.8865127728383551,0.014773400397387995,0.8888407177795968,1.0,0.05,True,lower,0.6081489657820224,0.4039609028810929,0.020320052356317023,0.4063924749244133,40.0,0.05,True,higher,3.6102564102564103,2.5947428023700954,0.06444503408192856,2.583409298085688,40.0,0.05,True,higher,1.1517969363619565,0.8471479641376394,0.05077317350525424,0.8401150584509419,40.0,0.05,True,higher,73.0,31.897435897435898,4.728385013015442,32.0,40.0,0.05,True,higher,0.3068579929932332,0.4209579114075923,0.020530930617121863,0.42234966645870325,1.0,0.05,True,lower,2.0337150127226464,2.16393443367902,0.02340950718750915,2.1642583672965294,1.0,0.05,True,lower,3.0,4.0,0.0,4.0,1.0,0.05,True,lower
14,Processed,Drowsy,60,11,142.69109692489403,24.993626625203223,8,0.16,4,18,4.0,100,1.0,25,39,2026,0.6509507892843248,0.5790228676038042,0.043409689384915184,0.5883327368953052,39.0,0.1,False,none,0.654999856463265,0.7761282762919204,0.02745840247340769,0.7706715739803787,1.0,0.05,True,lower,0.6661227623938187,0.4919134232375103,0.020687087430985608,0.49604069683735663,40.0,0.05,True,higher,3.8427464008859356,2.7724812303704636,0.09351656169629255,2.7667309281189754,40.0,0.05,True,higher,1.2957065427319587,0.9911418686387526,0.06343344642895953,0.9907809483030064,40.0,0.05,True,higher,77.0,40.76923076923077,8.806282262535616,39.0,40.0,0.05,True,higher,0.21161875509910255,0.35537991467347896,0.030638571469565938,0.3570811537169458,1.0,0.05,True,lower,2.0088838268792713,2.087072972440388,0.01966144287599022,2.0883845503242178,1.0,0.05,True,lower,3.0,3.6153846153846154,0.49286405809014416,4.0,8.5,0.8,False,none
14,Processed,Drowsy,60,12,181.28252384140612,24.993626625203223,8,0.16,4,18,4.0,100,1.0,25,39,2026,0.6162564194426395,0.393844708790292,0.053916981433168455,0.37885466668877427,40.0,0.05,True,higher,0.6977828778916091,0.8948646298381531,0.024439686378741495,0.9026228410816383,1.0,0.05,True,lower,0.6618515141335125,0.4560686549936441,0.01802833054366227,0.45332821423429476,40.0,0.05,True,higher,4.193067801763454,2.6845491082748887,0.10420629722808725,2.6846427593758553,40.0,0.05,True,higher,1.3984195144829994,0.9242570229189011,0.061753349152131806,0.922862398099062,40.0,0.05,True,higher,92.0,38.794871794871796,10.229419614084938,36.0,40.0,0.05,True,higher,0.3667274559677497,0.466372687637745,0.02473736399017804,0.46203868119211017,1.0,0.05,True,lower,2.068064952638701,2.1882165686304624,0.027003965991515753,2.1937104171216424,1.0,0.05,True,lower,3.0,4.0,0.0,4.0,1.0,0.05,True,lower
14,Processed,Drowsy,60,23,142.69109692489403,24.993626625203223,8,0.16,4,18,4.0,100,1.0,25,39,2026,0.708875062272524,0.4172589770750142,0.05357586070873428,0.41775312091083766,40.0,0.05,True,higher,0.6422600586817954,0.8737827736027572,0.026906577186386473,0.8772034819549736,1.0,0.05,True,lower,0.6743293180400249,0.4674278865381232,0.03337913765247956,0.457359504727168,40.0,0.05,True,higher,4.076298230345228,2.833154071734459,0.11326698721960264,2.807980717728977,40.0,0.05,True,higher,1.2259072870923973,0.9571701214339118,0.06337516213051655,0.9437736282738093,40.0,0.05,True,higher,135.0,45.35897435897436,10.31730069626838,43.0,40.0,0.05,True,higher,0.29850746268656714,0.41642270960310995,0.02299468900984569,0.41755051111004465,1.0,0.05,True,lower,2.0277098614506928,2.112161916064292,0.0272397297926154,2.1134759845208286,1.0,0.05,True,lower,3.0,3.948717948717949,0.22345586503095893,4.0,2.0,0.15,False,none
14,Processed,Drowsy,60,24,142.69109692489403,24.993626625203223,8,0.16,4,18,4.0,100,1.0,25,39,2026,0.5936548316798959,0.42205941130829316,0.03679948264654064,0.4236810262409692,40.0,0.05,True,higher,0.7102352734220099,0.880814858860384,0.018947727507925415,0.8828431567194629,1.0,0.05,True,lower,0.6296971732974996,0.41623074338916355,0.023165712529935423,0.417910447761194,40.0,0.05,True,higher,3.7714860592124175,2.669901213934822,0.06836767015487631,2.664754620777565,40.0,0.05,True,higher,1.0938097201067933,0.8527153141279089,0.03911177661723901,0.8603579656598286,40.0,0.05,True,higher,100.0,37.0,8.491481799891861,34.0,40.0,0.05,True,higher,0.38796371838556415,0.4114685046201099,0.03093461069795575,0.4188222872774392,10.0,0.5,False,none,2.02049487628093,2.1303234305279384,0.03053320830433018,2.127087780987065,1.0,0.05,True,lower,3.0,3.948717948717949,0.2234558650309589,4.0,2.0,0.15,False,none
14,Processed,Drowsy,60,25,112.315013660346,24.993626625203223,8,0.16,4,18,4.0,100,1.0,25,39,2026,0.6719103030854852,0.5291612566718507,0.05059291497091928,0.5248883562350491,40.0,0.05,True,higher,0.6469202696732981,0.8118115729551295,0.028844426868064526,0.8165074418887585,1.0,0.05,True,lower,0.6353601766089169,0.44602734534106614,0.02217617913073206,0.4422901569323799,40.0,0.05,True,higher,3.7094424208461754,2.6737738000527496,0.09694468850395888,2.6626340390431675,40.0,0.05,True,higher,1.1222465663987797,0.8656151244074431,0.055349657463184446,0.8622788807802056,40.0,0.05,True,higher,96.0,38.61538461538461,6.1285156810961405,37.0,40.0,0.05,True,higher,0.3015549263329654,0.36984444583907083,0.023088906904898576,0.36831117723280704,1.0,0.05,True,lower,2.0155573376102645,2.084974299801959,0.02141205985108458,2.079944865609924,1.0,0.05,True,lower,3.0,3.6153846153846154,0.4928640580901441,4.0,8.5,0.8,False,none
14,Processed,Drowsy,60,26,112.315013660346,24.993626625203223,8,0.16,4,18,4.0,100,1.0,25,39,2026,0.612486634688273,0.508141796654815,0.047415509895787966,0.5172200195231426,40.0,0.05,True,higher,0.6923411340798254,0.8211456723531874,0.028287532501527112,0.8208393949890626,1.0,0.05,True,lower,0.6698181120122858,0.47532311236299335,0.018520211349879856,0.47559629505207085,40.0,0.05,True,higher,3.737814675950723,2.7508296574759563,0.09988793388106935,2.7258202567760343,40.0,0.05,True,higher,1.1140262164767971,0.9145027643405934,0.050234194633889534,0.9107724223333951,40.0,0.05,True,higher,80.0,43.51282051282051,12.830620846593582,40.0,39.5,0.1,False,none,0.31441666266737056,0.40773808425101793,0.031233038726138296,0.40730431444065845,1.0,0.05,True,lower,2.014296694850115,2.1019699379642285,0.026459422945374872,2.102602534405232,1.0,0.05,True,lower,3.0,3.769230769230769,0.4268327949183541,4.0,5.5,0.5,False,none
14,Processed,Drowsy,60,27,181.28252384140612,24.993626625203223,8,0.16,4,18,4.0,100,1.0,25,39,2026,0.5109225090781317,0.2729995806531211,0.03436205947171959,0.26298585847796674,40.0,0.05,True,higher,0.7856735946849905,0.9602712826413622,0.014686253651410441,0.962335725953841,1.0,0.05,True,lower,0.6510534145990305,0.3989956229242116,0.023219164096651007,0.3994336996688583,40.0,0.05,True,higher,3.860557768924303,2.569812081176739,0.07605218153282589,2.580875781948168,40.0,0.05,True,higher,1.1856698505335665,0.8289066727355353,0.049964007623613915,0.8308765993012088,40.0,0.05,True,higher,111.0,34.23076923076923,8.269988666897149,33.0,40.0,0.05,True,higher,0.5372894370590776,0.4981375585589245,0.026684827630932776,0.4999760042232567,38.0,0.15,False,none,2.149054611766964,2.2571493232371354,0.036662954039868814,2.257421451787649,1.0,0.05,True,lower,4.0,4.512820512820513,0.5063696835418333,5.0,10.5,1.0,False,none
14,Processed,Drowsy,60,28,181.28252384140612,24.993626625203223,8,0.16,4,18,4.0,100,1.0,25,39,2026,0.5354975079120107,0.2782379749289545,0.03628542819572179,0.2789041076605263,40.0,0.05,True,higher,0.7345102900323776,0.960603849954872,0.01461429856102365,0.9608895854485956,1.0,0.05,True,lower,0.5863128089456255,0.32165661920425076,0.02257917428935491,0.32082353505782985,40.0,0.05,True,higher,3.896969696969697,2.5111168495554708,0.08930960304830601,2.4942886812045693,40.0,0.05,True,higher,1.1741998162880432,0.7773625062441314,0.062137561927262684,0.7665744969424384,40.0,0.05,True,higher,99.0,28.333333333333332,5.917562324103492,27.0,40.0,0.05,True,higher,0.24686855113500025,0.3783321827666023,0.023866865911051232,0.3760618131208907,1.0,0.05,True,lower,2.044108881382873,2.2375608815693155,0.10878496184155376,2.2285607755406414,1.0,0.05,True,lower,4.0,14.051282051282051,10.228825929305756,12.0,4.0,0.35,False,none
14,Processed,Drowsy,60,43,142.69109692489403,24.993626625203223,8,0.16,4,18,4.0,100,1.0,25,39,2026,0.5129812608933748,0.23843407894237814,0.030055901725718467,0.23942424160784093,40.0,0.05,True,higher,0.78381976900095,0.9754632285931927,0.012369046774920785,0.9755628936245048,1.0,0.05,True,lower,0.6198589048327494,0.3805656358327088,0.02205847735729612,0.3799971205067908,40.0,0.05,True,higher,3.541540992596655,2.498410853405465,0.06011273410107493,2.4833587786259543,40.0,0.05,True,higher,1.207565236605956,0.795169587162414,0.04777528747710882,0.7938151434972427,40.0,0.05,True,higher,70.0,28.0,5.165676192553671,27.0,40.0,0.05,True,higher,0.45294428180640206,0.49455541978457945,0.02476064243174053,0.49385708115371696,1.0,0.05,True,lower,2.1357773251866936,2.276879191054703,0.036223600472095815,2.276263711410155,1.0,0.05,True,lower,4.0,4.871794871794871,0.46901280307332094,5.0,4.5,0.4,False,none
14,Processed,Drowsy,60,44,142.69109692489403,24.993626625203223,8,0.16,4,18,4.0,100,1.0,25,39,2026,0.5810750524610406,0.29825799031347494,0.04351916998281603,0.2896919618028935,40.0,0.05,True,higher,0.7365821895627479,0.9495558094341785,0.018296500573852063,0.9550638820338653,1.0,0.05,True,lower,0.6528291020780342,0.37359332449796534,0.020078347323462167,0.3769256610836493,40.0,0.05,True,higher,3.772323904603439,2.5122075742666166,0.06195538590389053,2.5082966474771418,40.0,0.05,True,higher,1.1826701720484656,0.7897135386721165,0.048858830648396245,0.7902788392794295,40.0,0.05,True,higher,95.0,31.692307692307693,8.485758490906509,31.0,40.0,0.05,True,higher,0.35033834045208045,0.4472443619153799,0.024517054282125403,0.44677736718337574,1.0,0.05,True,lower,2.054890921885996,2.195520734067827,0.028664422717992768,2.1928497765555175,1.0,0.05,True,lower,3.0,4.128205128205129,0.33868842842937047,4.0,1.0,0.05,True,lower
14,Processed,Drowsy,60,45,142.69109692489403,24.993626625203223,8,0.16,4,18,4.0,100,1.0,25,39,2026,0.7142985121706753,0.3633664203654807,0.05139693362063472,0.3672215993832697,40.0,0.05,True,higher,0.6622400674901394,0.9097682222233653,0.02380735896747235,0.9120745275329573,1.0,0.05,True,lower,0.69520564380669,0.46353810960040276,0.02502517321188545,0.4640783222152901,40.0,0.05,True,higher,4.050894854586129,2.7178670526028603,0.08380079876963721,2.6954649827784154,40.0,0.05,True,higher,1.3643551253263846,0.9631097362326935,0.05397430774354777,0.9638576660587475,40.0,0.05,True,higher,101.0,38.82051282051282,6.6919896926014415,38.0,40.0,0.05,True,higher,0.35448960982867017,0.490447835027189,0.02997689479437804,0.49342515717233765,1.0,0.05,True,lower,2.095758263583487,2.224894213617024,0.03446220069940455,2.221634398919406,1.0,0.05,True,lower,4.0,4.435897435897436,0.502356122102941,4.0,12.0,1.0,False,none
14,Processed,Drowsy,60,47,292.5998259653216,24.993626625203223,8,0.16,4,18,4.0,100,1.0,25,39,2026,0.5653854497061754,0.22918703211573183,0.03171918099164063,0.2262435803834564,40.0,0.05,True,higher,0.7556723359414355,0.9838816268746166,0.012874450406746688,0.9847515129195187,1.0,0.05,True,lower,0.5906800403129049,0.3866827130732683,0.022904848682565628,0.3876757690646446,40.0,0.05,True,higher,3.802286067346308,2.482996207886574,0.04682787694683288,2.4718490083173386,40.0,0.05,True,higher,1.2745615651447144,0.7933971840798337,0.042475363677757984,0.7935674659562422,40.0,0.05,True,higher,73.0,28.46153846153846,4.541308377700915,27.0,40.0,0.05,True,higher,0.3676872870374814,0.5297590700959709,0.023821647822670718,0.5266113164083122,1.0,0.05,True,lower,2.1065438548254054,2.346099845836589,0.04120444349680798,2.343088929965085,1.0,0.05,True,lower,4.0,5.846153846153846,0.9607689228305228,6.0,1.0,0.05,True,lower
14,Processed,Drowsy,60,48,181.28252384140612,24.993626625203223,8,0.16,4,18,4.0,100,1.0,25,39,2026,0.5885744553669309,0.3272428684301439,0.0602103048162372,0.31154581498091577,40.0,0.05,True,higher,0.7369774790969359,0.9321937199063601,0.028315172417256472,0.9363288721507698,1.0,0.05,True,lower,0.6863272064116716,0.46278501137645917,0.030700274232794623,0.4566876229783558,40.0,0.05,True,higher,4.393548387096774,2.6458306712721704,0.08634203636463567,2.6370990237099026,40.0,0.05,True,higher,1.3623108805316888,0.9143037766211907,0.05556121055623972,0.9177567463605211,40.0,0.05,True,higher,103.0,38.58974358974359,14.478146778612585,35.0,40.0,0.05,True,higher,0.4797955559821471,0.5361284106304982,0.039590396065862364,0.5320343619522964,4.0,0.2,False,none,2.1194615221539115,2.2786756633317036,0.05117105646724537,2.27183014354067,1.0,0.05,True,lower,4.0,4.3076923076923075,0.467571900119518,4.0,14.5,1.0,False,none
14,Processed,Drowsy,60,49,112.315013660346,24.993626625203223,8,0.16,4,18,4.0,100,1.0,25,39,2026,0.4987675281418955,0.3836092291131483,0.03554002177100488,0.38219953339055524,40.0,0.05,True,higher,0.7909920743761261,0.9077247339193827,0.01590607432266829,0.9099752263715332,1.0,0.05,True,lower,0.6856073331093727,0.43718336342034575,0.027949483333175512,0.4443537937323031,40.0,0.05,True,higher,3.9333700440528636,2.6185475029050123,0.08520928435467036,2.6276009791921666,40.0,0.05,True,higher,1.2694145277194595,0.8787157223214,0.05428994120302421,0.8833671750639984,40.0,0.05,True,higher,119.0,37.94871794871795,10.915823179289387,36.0,40.0,0.05,True,higher,0.4363152085232999,0.467677688726784,0.03976580771199209,0.4670298027547152,11.0,0.55,False,none,2.0825793150841827,2.2020337459427535,0.04123302300398115,2.198276826675618,1.0,0.05,True,lower,4.0,4.153846153846154,0.36551776819519566,4.0,17.5,1.0,False,none
14,Processed,Drowsy,60,50,142.69109692489403,24.993626625203223,8,0.16,4,18,4.0,100,1.0,25,39,2026,0.6133288452930747,0.39411859679124345,0.04382585089497557,0.3912142105149614,40.0,0.05,True,higher,0.711157934402881,0.8982027514369861,0.02055242327690257,0.9007365255661242,1.0,0.05,True,lower,0.7035081825598695,0.48844080364932696,0.02283178592403666,0.48788213274463693,40.0,0.05,True,higher,4.048329190831262,2.675234042819904,0.07579496022919818,2.6634241245136185,40.0,0.05,True,higher,1.396550837793313,0.9428772215395952,0.048245072431206674,0.9448001940398502,40.0,0.05,True,higher,97.0,36.30769230769231,7.090222497265423,36.0,40.0,0.05,True,higher,0.38441234342755676,0.5132973519737449,0.024846702795370674,0.5103661755531027,1.0,0.05,True,lower,2.1098380086922166,2.2356300922572805,0.028404350539408065,2.2387487386478306,1.0,0.05,True,lower,3.0,4.0,0.0,4.0,1.0,0.05,True,lower
14,Processed,Drowsy,60,52,142.69109692489403,24.993626625203223,8,0.16,4,18,4.0,100,1.0,25,39,2026,0.6869028023722993,0.5611909203473535,0.05387358287068252,0.5479397284279722,40.0,0.05,True,higher,0.6757791940316613,0.7945669638635928,0.032372617124005305,0.7979512546854772,1.0,0.05,True,lower,0.7487642174977204,0.5109654577073655,0.027199837992249634,0.5078946105485435,40.0,0.05,True,higher,4.31710016602103,2.7328402227244024,0.0872267079841924,2.733597425105224,40.0,0.05,True,higher,1.3651705590395313,0.957256124922794,0.05313221454515323,0.9615840582207165,40.0,0.05,True,higher,125.0,42.02564102564103,13.853533046401784,40.0,40.0,0.05,True,higher,0.26942458127369584,0.3920097311569946,0.04862928989083707,0.39137111868311175,1.0,0.05,True,lower,2.021242124212421,2.102759999028589,0.02980338480109592,2.1023028057173105,1.0,0.05,True,lower,3.0,3.9743589743589745,0.16012815380508716,4.0,1.5,0.1,False,none
14,Processed,Drowsy,120,5,142.69109692489403,24.993626625203223,8,0.16,4,18,4.0,100,1.0,25,39,2026,0.6655187723968052,0.49682828934545553,0.031621182594941476,0.49791403695728165,40.0,0.05,True,higher,0.6469220504878991,0.8351576831804786,0.015843211208297205,0.8353819447626071,1.0,0.05,True,lower,0.6311862605823314,0.4513087634601096,0.014495606308147687,0.4516360024485176,40.0,0.05,True,higher,3.7273223298322193,2.6751103194900137,0.05452751697485838,2.6675921427084055,40.0,0.05,True,higher,1.2484286648043776,0.9201183051689643,0.03650795957699747,0.91097786965875,40.0,0.05,True,higher,93.0,44.35897435897436,5.89597177154913,42.0,40.0,0.05,True,higher,0.2763706501276232,0.41107258279220443,0.015576774563047267,0.4106984049986718,1.0,0.05,True,lower,2.0235940803382664,2.1369990943478854,0.018956077869790627,2.136918310571573,1.0,0.05,True,lower,3.0,4.0,0.0,4.0,1.0,0.05,True,lower
14,Processed,Drowsy,120,11,142.69109692489403,24.993626625203223,8,0.16,4,18,4.0,100,1.0,25,39,2026,0.6421721125688573,0.3666993638949382,0.030042994754089492,0.3634222405522354,40.0,0.05,True,higher,0.6778024676481496,0.9112011981777283,0.013432791047111883,0.911423693012028,1.0,0.05,True,lower,0.6275250337826133,0.3909102189480555,0.014446572375405363,0.3905501079888662,40.0,0.05,True,higher,3.6868426409717037,2.576547223660616,0.03945288907005617,2.574240121580547,40.0,0.05,True,higher,1.1054320213996167,0.8213118719599797,0.03041811794165905,0.8202460239397702,40.0,0.05,True,higher,148.0,41.743589743589745,6.632130517087365,41.0,40.0,0.05,True,higher,0.3450619636649227,0.42962347970836934,0.019026799126132917,0.43056373653026575,1.0,0.05,True,lower,2.028206781847188,2.155215953752358,0.01676678374634601,2.1533285198555956,1.0,0.05,True,lower,3.0,4.076923076923077,0.2699527623995085,4.0,1.0,0.05,True,lower
14,Processed,Drowsy,120,12,88.40539154424945,24.993626625203223,8,0.16,4,18,4.0,100,1.0,25,39,2026,0.6642059865140783,0.5645146541048047,0.03591634122934615,0.5616593129815779,40.0,0.05,True,higher,0.6460577187491824,0.7740540299282662,0.02040086258308796,0.7724451181306486,1.0,0.05,True,lower,0.6536156058348637,0.49306904808782254,0.014578490318254674,0.49204809258168464,40.0,0.05,True,higher,3.8139911039223615,2.817866008963507,0.0505873928765678,2.8254042496325003,40.0,0.05,True,higher,1.142252601567173,0.9421146585076567,0.030089025780518464,0.9398715533446819,40.0,0.05,True,higher,143.0,61.53846153846154,16.993568681069277,57.0,40.0,0.05,True,higher,0.3109963849716457,0.37095890093382716,0.025457607012082464,0.37041913539609395,1.0,0.05,True,lower,2.0151169317118804,2.064949837966376,0.017329736708757787,2.0626901622718052,1.0,0.05,True,lower,3.0,3.6666666666666665,0.47756693294091934,4.0,7.5,0.7,False,none
14,Processed,Drowsy,120,13,142.69109692489403,24.993626625203223,8,0.16,4,18,4.0,100,1.0,25,39,2026,0.536265652506249,0.3182275755931187,0.029192283420103212,0.31412074311804355,40.0,0.05,True,higher,0.7460645674393773,0.9316090743692583,0.013511539667003383,0.9329014033656429,1.0,0.05,True,lower,0.6012150191146068,0.3843278289070188,0.018127791818206267,0.3834355473938302,40.0,0.05,True,higher,3.8007447429906542,2.634783806022599,0.04440668565828949,2.6454189159210233,40.0,0.05,True,higher,1.1662718939738663,0.8558994012417775,0.026785777012378314,0.8589305771228058,40.0,0.05,True,higher,132.0,46.92307692307692,11.739238331305412,43.0,40.0,0.05,True,higher,0.4288081956042179,0.4417705613436877,0.023457221361094654,0.4415243177067092,8.0,0.4,False,none,2.1471532255732586,2.236254204644895,0.033596063834954205,2.2332299012693935,1.0,0.05,True,lower,7.0,13.205128205128204,10.136384404654372,11.0,18.0,0.9,False,none
14,Processed,Drowsy,120,21,112.315013660346,24.993626625203223,8,0.16,4,18,4.0,100,1.0,25,39,2026,0.5766383539257068,0.3345803669589973,0.017452711242303416,0.3362968268792294,40.0,0.05,True,higher,0.7366997290378552,0.9246663037459114,0.007612828765212114,0.9238914852079062,1.0,0.05,True,lower,0.6300428490581292,0.40434152852294986,0.01315910698997648,0.40412090133167017,40.0,0.05,True,higher,3.653784326858674,2.577948419475801,0.04163535176497201,2.5765545219276773,40.0,0.05,True,higher,1.20402810120645,0.8383847502934958,0.0317085453703849,0.8435459866924435,40.0,0.05,True,higher,103.0,41.61538461538461,6.196838687314621,42.0,40.0,0.05,True,higher,0.397751290669069,0.4556130666972288,0.018058426781083835,0.4559324578727926,1.0,0.05,True,lower,2.089714805825243,2.195947506873218,0.018603786224966366,2.190609488629805,1.0,0.05,True,lower,4.0,4.153846153846154,0.36551776819519566,4.0,17.5,1.0,False,none
14,Processed,Drowsy,120,22,181.28252384140612,24.993626625203223,8,0.16,4,18,4.0,100,1.0,25,39,2026,0.5738354326173867,0.3065444360424085,0.024850880980415345,0.3054239438868906,40.0,0.05,True,higher,0.7487443666458067,0.9381096113159543,0.009743769303903974,0.9368453883511754,1.0,0.05,True,lower,0.507224281902914,0.379956745224754,0.013439586946583574,0.3803864499959576,40.0,0.05,True,higher,3.6050730586110653,2.610961367671634,0.039864476938269514,2.6169894563673073,40.0,0.05,True,higher,1.1687744032423295,0.8724656262739371,0.03091837701180887,0.8753859768190836,40.0,0.05,True,higher,111.0,40.38461538461539,4.643135196549988,39.0,40.0,0.05,True,higher,0.4224443597472945,0.4796368506045927,0.013163067149822735,0.48030791263873973,1.0,0.05,True,lower,2.1977107492639547,2.3153133132302934,0.04014648411713647,2.309471183069017,1.0,0.05,True,lower,6.0,11.923076923076923,5.71417726906929,11.0,3.5,0.25,False,none
14,Processed,Drowsy,120,24,112.315013660346,24.993626625203223,8,0.16,4,18,4.0,100,1.0,25,39,2026,0.5467979412194803,0.3939200428208474,0.06228049156650077,0.3835493471027232,40.0,0.05,True,higher,0.7733009891339483,0.8949773512593557,0.030783877336823546,0.8996819658373248,1.0,0.05,True,lower,0.6105817539239805,0.4634776116706749,0.02511109438438319,0.46110668376009145,40.0,0.05,True,higher,3.591684217677831,2.7204920999759006,0.057279016833138,2.715869431328269,40.0,0.05,True,higher,1.2407653194668762,0.9544867925717645,0.039526624448482456,0.9454186262195259,40.0,0.05,True,higher,116.0,66.66666666666667,37.93646581584124,51.0,35.0,0.3,False,none,0.4877400875460541,0.5157102848104547,0.02515106162904411,0.5118672256678563,6.0,0.3,False,none,2.1886499093029284,2.2691154104675215,0.028970274280397515,2.2665013054830285,1.0,0.05,True,lower,4.0,5.102564102564102,0.5980174172288312,5.0,3.0,0.25,False,none
14,Processed,Drowsy,180,3,142.69109692489403,24.993626625203223,8,0.16,4,18,4.0,100,1.0,25,39,2026,0.6657818146382982,0.47580073886247276,0.028741234140783115,0.47503654514860055,40.0,0.05,True,higher,0.6424979102151613,0.8459609107123575,0.013558761226215537,0.8482054219159201,1.0,0.05,True,lower,0.643292899198411,0.4514583805922388,0.013472336716349134,0.44905197661103174,40.0,0.05,True,higher,3.8592880809800287,2.669141277994434,0.038330013411242474,2.6655781325592645,40.0,0.05,True,higher,1.2915550149125035,0.9219487025880293,0.027956522401678542,0.9183504725304907,40.0,0.05,True,higher,103.0,49.666666666666664,7.661707015147792,49.0,40.0,0.05,True,higher,0.3052143819860355,0.4262827333693475,0.017135055987537798,0.42515124798589365,1.0,0.05,True,lower,2.036702676201586,2.149185335831317,0.014408303429615433,2.148503430271386,1.0,0.05,True,lower,3.0,4.0,0.0,4.0,1.0,0.05,True,lower
14,Processed,Drowsy,180,7,112.315013660346,24.993626625203223,8,0.16,4,18,4.0,100,1.0,25,39,2026,0.646915098292384,0.4411322478521644,0.026050896309789507,0.43556668563482964,40.0,0.05,True,higher,0.6673210092004722,0.8642012041734927,0.01075309196066244,0.8666578285835176,1.0,0.05,True,lower,0.5992916425987292,0.4074768720438012,0.010388764142749245,0.4082428885578492,40.0,0.05,True,higher,3.5402137148672512,2.613711431415166,0.0273745549739693,2.6096986192246416,40.0,0.05,True,higher,1.0670760753812851,0.8425909184894694,0.019918211228963593,0.8406524997582885,40.0,0.05,True,higher,112.0,51.61538461538461,14.346493033078785,47.0,39.5,0.1,False,none,0.348734279836642,0.4000907760750281,0.01375694488504687,0.3988133240101744,1.0,0.05,True,lower,2.0651263971194957,2.140349257345571,0.01256823508537962,2.139805511408022,1.0,0.05,True,lower,4.0,4.0,0.0,4.0,20.5,1.0,False,none
14,Processed,Drowsy,180,8,142.69109692489403,24.993626625203223,8,0.16,4,18,4.0,100,1.0,25,39,2026,0.5797288336758617,0.3401493590435371,0.020430253346020166,0.3401349896251723,40.0,0.05,True,higher,0.7162202040236183,0.9240946415439464,0.008231160893433294,0.9245335519289569,1.0,0.05,True,lower,0.6450815269712907,0.3997753919013762,0.013335972536026293,0.3977442008938072,40.0,0.05,True,higher,3.847911503354893,2.5536689305368365,0.03586741511234058,2.545778910481045,40.0,0.05,True,higher,1.1605810287819849,0.8192181423450327,0.024974682531673828,0.8178099537080602,40.0,0.05,True,higher,128.0,46.05128205128205,10.333768655668653,44.0,40.0,0.05,True,higher,0.4784680631137324,0.4747480889213172,0.015595148267513499,0.4758763262700271,23.0,0.9,False,none,2.142521668103644,2.2231227163201264,0.01944011436745693,2.2232580664689148,1.0,0.05,True,lower,5.0,7.153846153846154,4.2211152276598884,5.0,15.5,1.0,False,none
14,Processed,Drowsy,180,14,112.315013660346,24.993626625203223,8,0.16,4,18,4.0,100,1.0,25,39,2026,0.6048816159457238,0.4056572291843307,0.03418231698002915,0.40156046000989193,40.0,0.05,True,higher,0.7178695543209511,0.8890873880379448,0.018101410988448235,0.8914089667246693,1.0,0.05,True,lower,0.659456419298939,0.46205723764778883,0.019674714509597773,0.4615166347449812,40.0,0.05,True,higher,4.00532405982643,2.67583760452652,0.05971598370449072,2.665715983363042,40.0,0.05,True,higher,1.339327335807602,0.9363443764303684,0.03924025238834289,0.9342108645529232,40.0,0.05,True,higher,146.0,59.02564102564103,26.5205850331271,50.0,39.0,0.1,False,none,0.4945302445302445,0.5023941913705693,0.01856697406491229,0.5016138185429524,15.0,0.75,False,none,2.1797279792746114,2.2454872500114087,0.02788952446168844,2.246023677194885,2.0,0.1,False,none,5.0,5.051282051282051,0.5103516820842348,5.0,20.5,1.0,False,none
